buurtnaam,buurtcode,hvi,hvi_tier,hi_norm,svi_pca,cooling_access,tree_density_per_km2,mean_height_score,temp_mean,ndvi_mean
Steigereiland Noord,BU03633500,0.694412,5,0.749104,0.780992,0.58813,963.6,8.323171,28.528717,0.239546
Borneo,BU03633305,0.685699,5,0.763441,0.83865,0.775688,927.6,12.634091,29.501901,0.088677
Westerdokseiland,BU03630500,0.656886,5,0.806452,0.768099,0.864673,556.4,8.967568,31.378875,0.037265
Willibrordusbuurt,BU03632500,0.549933,2,0.716846,0.615102,0.914231,1597.4,10.006579,37.325497,0.223259
Nieuwendijk Noord,BU03630102,0.608647,4,0.777778,0.68929,0.890898,818.0,12.6,38.112997,0.074301
Het Funen,BU03630905,0.61533,4,0.659498,0.805169,0.852684,2003.0,10.794643,35.632979,0.327735
IJselbuurt Oost,BU03635301,0.535287,2,0.584229,0.708191,0.908407,1818.4,11.058233,35.782943,0.309372
Houthavens Oost,BU03631201,0.594646,4,0.612903,0.795873,0.844319,11.7,11.5,25.323979,-0.072328
Bedrijvengebied Veelaan,BU03633308,0.548666,2,0.584229,0.710284,0.845694,1913.3,12.510309,38.328558,0.244052
Oostelijke Handelskade,BU03633300,0.708771,5,0.806452,0.833799,0.73665,371.9,10.616279,32.016936,0.098045
Sporenburg,BU03633304,0.707092,5,0.749104,0.898281,0.759308,820.4,11.473404,27.62876,0.028778
Nieuwendammerdijk Zuid,BU03636404,,,0.508961,0.703803,,2258.5,14.611111,28.686493,0.736754
Van Brakelkwartier,BU03637503,0.524829,2,0.659498,0.57387,0.842594,914.7,13.468085,37.618353,0.331476
De Wester Quartier,BU03637502,0.548407,2,0.716846,0.571974,0.835603,1753.7,10.66791,38.480547,0.352787
Filips van Almondekwartier,BU03637501,0.588865,4,0.688172,0.710365,0.852752,1375.1,9.75,38.614666,0.288322
Bedrijventerrein Nieuwendammerdijk,BU03637202,0.57482,3,0.508961,0.741068,0.625956,579.2,13.477876,29.132554,0.074261
Legmeerpleinbuurt,BU03634404,0.600149,4,0.584229,0.819243,0.8062,1944.8,11.154472,36.973108,0.335002
Amstelkwartier West,BU03635809,0.503537,1,0.508961,0.640481,0.7812,3564.4,16.289959,34.559579,0.372616
Schinkelbuurt Noord,BU03634500,0.564156,3,0.523297,0.792185,0.810184,1286.6,15.562016,37.0725,0.332668
Lastage,BU03630403,0.592708,4,0.659498,0.757695,0.870847,1517.9,13.074074,34.746471,0.237639
Rietlanden,BU03633301,0.658967,5,0.763441,0.776464,0.784974,871.7,18.604895,34.852008,0.201627
Planciusbuurt Noord,BU03630505,0.629661,5,0.83871,0.683168,0.895451,2233.8,6.9,34.322458,0.169822
Papaverweg e.o.,BU03637102,0.689138,5,0.688172,0.927297,0.78525,,,37.904394,0.207273
K-buurt Zuidwest,BU03639407,0.560178,3,0.763441,0.480251,0.686497,3008.4,8.437093,36.877472,0.47586
Buiksloterham,BU03637106,0.635284,5,0.716846,0.773532,0.804333,472.1,10.045455,32.345994,0.02831
Bedrijventerrein Hamerstraat,BU03637200,0.587608,4,0.62724,0.707337,0.731112,,,35.928706,0.011638
Laan van Spartaan,BU03633901,0.642716,5,0.942652,0.586915,0.845553,1731.3,7.435897,38.723797,0.312652
Rijnbuurt Oost,BU03635401,0.519499,2,0.462366,0.774537,0.876312,3121.0,13.046547,34.517711,0.419579
Noordwestkwadrant Indische buurt Noord,BU03633100,0.583035,4,0.749104,0.666386,0.915804,,,36.754274,0.325675
Westhaven Zuid,BU03631007,0.55877,3,0.584229,0.703803,0.782214,2.1,,38.923347,0.166358
Bedrijvengebied Zeeburgerkade,BU03633310,0.563366,3,0.569892,0.768413,0.859779,1305.5,12.597458,34.585593,0.190575
Kromme Mijdrechtbuurt,BU03635400,0.500276,1,0.551971,0.647155,0.896874,2352.5,11.384286,37.325087,0.287876
Nieuw Sloten Zuidoost,BU03638808,0.624066,5,0.598566,0.818494,0.713792,3841.2,8.929093,36.275431,0.421459
Oostenburg,BU03630903,0.541496,2,0.659498,0.605351,0.82222,1833.9,9.934932,35.642366,0.22017
Orteliusbuurt Zuid,BU03634203,0.548427,2,0.645161,0.674068,0.896324,1947.9,11.58,37.125042,0.41111
Lootsbuurt,BU03631902,0.528209,2,0.598566,0.642384,0.840858,1409.3,10.196629,37.637066,0.294978
Reguliersbuurt,BU03630305,0.544613,2,0.62724,0.649077,0.829571,,,38.37088,0.104018
Marathonbuurt Oost,BU03634801,0.569484,3,0.731183,0.611524,0.837993,2600.8,13.83284,38.308621,0.4467
Banpleinbuurt,BU03634704,0.647494,5,0.598566,0.94435,0.84836,1610.8,12.109589,37.07732,0.370379
Noorder IJplas,BU03636604,0.66231,5,0.612903,0.836962,0.588179,313.3,21.0,27.92449,0.312939
Spuistraat Noord,BU03630103,0.645679,5,0.820789,0.738043,0.889267,1496.9,13.054688,36.649589,0.176761
Meer en Oever,BU03638101,0.65485,5,0.867384,0.684787,0.830093,2650.4,12.100446,36.453245,0.403184
Aalsmeerwegbuurt West,BU03634402,0.58207,4,0.508961,0.835562,0.778695,2631.8,10.984314,36.597009,0.385072
Bertelmanpleinbuurt,BU03634800,0.494503,1,0.569892,0.579035,0.82534,2316.8,15.392857,35.63759,0.453189
Scheepvaarthuisbuurt,BU03630401,0.54376,2,0.448029,0.844982,0.867224,1269.4,10.929167,31.93635,0.146108
Groenmarktkadebuurt,BU03630608,0.579302,3,0.598566,0.791419,0.883463,1942.1,13.464286,36.283048,0.24276
Don Bosco,BU03635503,0.548159,2,0.480287,0.844851,0.909479,2658.4,11.272358,36.216867,0.416164
Grunder/Koningshoef,BU03639408,0.5882,4,0.749104,0.565483,0.688175,2338.3,11.271812,36.606952,0.308071
Overhoeks,BU03637107,0.773099,5,0.867384,0.940666,0.750603,600.1,9.9,31.172091,0.069602
Swammerdambuurt,BU03632700,0.596231,4,0.612903,0.836141,0.916934,,,36.376354,0.218563
Passeerdersgrachtbuurt,BU03630607,0.52458,2,0.523297,0.716795,0.857285,1459.6,11.065217,36.827901,0.333841
Alexanderplein e.o.,BU03630804,0.514086,1,0.419355,0.800724,0.869729,2425.5,11.00495,34.237532,0.430382
Hemonybuurt,BU03632400,0.588623,4,0.62724,0.789339,0.890045,1364.3,13.247191,36.435753,0.284797
Rembrandtpleinbuurt,BU03630304,0.601834,4,0.62724,0.786825,0.818958,2356.2,12.109589,36.290662,0.208029
Columbusplein e.o.,BU03634201,0.570575,3,0.806452,0.556464,0.872954,2147.4,11.21521,38.828492,0.347258
Valeriusbuurt West,BU03634601,0.605269,4,0.551971,0.867084,0.811768,2119.5,12.191667,36.92384,0.387714
Leidsegracht Zuid,BU03630306,0.550062,2,0.46595,0.833637,0.848863,1471.2,14.775862,35.829453,0.303472
Zeeburgerdijk Oost,BU03633202,0.487708,1,0.301075,0.827062,0.817733,3702.0,14.146651,29.71767,0.453057
Bellamybuurt Noord,BU03631800,0.577943,3,0.702509,0.666656,0.848616,2188.2,10.452261,37.051764,0.352293
Vondelpark West,BU03634603,,,0.0,0.703803,,9784.8,12.657604,31.434488,0.768104
Balboaplein e.o.,BU03634200,0.641757,5,0.942652,0.60396,0.88444,2222.5,8.659091,39.856397,0.285176
G-buurt Oost,BU03639409,0.654393,5,0.749104,0.68772,0.601685,4332.4,13.072004,32.083787,0.638461
Marnixbuurt Noord,BU03630603,0.539255,2,0.688172,0.620373,0.920814,1469.7,13.343373,35.212573,0.310278
Kolenkitbuurt Zuid,BU03633902,0.572398,3,0.806452,0.552703,0.856318,2491.5,8.359375,37.513219,0.344453
De Klenckebuurt,BU03639100,0.508003,1,0.405018,0.801077,0.872175,3086.7,10.223022,35.758601,0.432547
Transvaalbuurt Oost,BU03633001,0.501632,1,0.673835,0.546926,0.933361,2677.0,11.081511,36.510474,0.367654
Weteringbuurt,BU03630704,0.618865,5,0.659498,0.812609,0.849888,1343.9,10.517341,37.391758,0.284913
Marathonbuurt West,BU03634802,0.539714,2,0.777778,0.490427,0.837841,2252.9,11.87605,37.208603,0.402916
Frederikspleinbuurt,BU03630707,0.598819,4,0.569892,0.850212,0.846113,2468.1,13.95216,35.660988,0.361505
Frans Halsbuurt,BU03632402,0.587801,4,0.673835,0.742605,0.893878,2347.7,14.447489,36.616814,0.35079
Spuistraat Zuid,BU03630105,0.668856,5,0.88172,0.716506,0.852173,2054.6,13.058824,36.497301,0.213235
Duivelseiland,BU03634709,0.551197,3,0.508961,0.823957,0.909849,1899.4,12.734043,38.321767,0.292118
Leidsegracht Noord,BU03630203,0.589989,4,0.555556,0.846067,0.853302,1505.7,14.215789,35.097219,0.362212
Spaarndammerbuurt Zuidoost,BU03631302,0.496544,1,0.555556,0.636594,0.901578,2555.8,14.495614,35.853709,0.386539
Van Tuyllbuurt,BU03634805,0.595353,4,0.598566,0.809629,0.839624,3027.0,12.537546,36.990519,0.420625
Leidsebuurt Noordwest,BU03630700,0.477776,1,0.344086,0.778054,0.855398,1227.3,15.052632,37.151149,0.159516
Zuiderkerkbuurt,BU03630407,0.46835,1,0.433692,0.661383,0.848398,1713.5,14.066901,36.400043,0.263965
Van Loonbuurt,BU03630302,0.598371,4,0.551971,0.863949,0.839986,,,35.891969,0.357208
Fannius Scholtenbuurt,BU03631403,0.560589,3,0.702509,0.643095,0.888262,1693.1,9.508475,38.371172,0.307822
Erasmusparkbuurt West,BU03633802,0.552502,3,0.551971,0.772931,0.887295,4240.2,13.779862,34.997513,0.562732
Johannnes Vermeerbuurt,BU03634700,0.621053,5,0.62724,0.870571,0.890358,2515.6,10.509669,37.421027,0.304725
Buyskade e.o.,BU03631405,0.616122,4,0.731183,0.761216,0.904187,2183.4,10.614894,37.958259,0.343457
Minervabuurt Zuid,BU03634905,0.628873,5,0.569892,0.92473,0.844879,2850.3,11.574029,37.094618,0.409329
Kelbergen,BU03639404,0.543417,2,0.673835,0.533798,0.698182,4237.7,10.681503,35.414576,0.57345
Zaagpoortbuurt,BU03630604,0.531792,2,0.702509,0.585951,0.917959,1977.7,15.147541,36.140921,0.291886
Eendrachtspark,BU03637804,0.338252,1,0.419355,0.336039,0.819527,5287.2,15.033654,32.629166,0.72804
Bedrijventerrein Landlust,BU03633700,0.537509,2,0.430108,0.830955,0.834579,1027.8,10.5,38.574396,0.24041
Zamenhofstraat e.o.,BU03637201,0.541292,2,0.569892,0.632514,0.698352,,,32.394859,0.216027
Burgwallen Oost,BU03630002,0.505024,1,0.537634,0.66109,0.872327,1531.1,12.242105,36.831906,0.241412
Kazernebuurt,BU03630907,0.536059,2,0.62724,0.645169,0.864521,2163.7,12.242647,35.030359,0.410814
Ecowijk,BU03631500,0.586978,4,0.62724,0.769819,0.85923,,,37.061474,0.449773
De Bongerd,BU03636503,0.69778,5,0.731183,0.82073,0.614926,1695.3,6.822857,36.822337,0.284651
Van der Pekbuurt,BU03636000,0.499703,1,0.749104,0.406381,0.812452,2993.1,11.631201,35.190654,0.394968
Bellamybuurt Zuid,BU03631801,0.630749,5,0.777778,0.723326,0.848464,1165.8,11.545455,38.906452,0.279972
Postjeskade e.o.,BU03634301,0.568251,3,0.569892,0.780549,0.859628,2010.3,12.995283,35.428851,0.451378
De Aker West,BU03638401,0.724473,5,0.867384,0.755032,0.622465,2467.2,7.811688,36.205121,0.463894
Osdorp Midden Noord,BU03638200,0.547888,2,0.896057,0.351358,0.755392,,,36.564481,0.396722
Entrepot-Noordwest,BU03633306,0.577274,3,0.702509,0.660027,0.838704,2253.4,10.943609,35.44143,0.304372
Overtoomse Veld Zuid,BU03638601,0.65054,5,0.867384,0.686124,0.854316,3044.5,10.102401,37.804805,0.347708
Oosterparkbuurt Noordwest,BU03632800,0.560423,3,0.731183,0.619488,0.899226,1832.8,12.752551,37.558767,0.301287
Vivaldi,BU03632304,0.471973,1,0.612903,0.508371,0.882684,1786.7,9.570574,38.714993,0.258294
De Eenhoorn,BU03635501,0.500755,1,0.598566,0.607422,0.908199,3119.1,11.549793,37.10194,0.343313
Gein Zuidwest,BU03639701,0.500728,1,0.673835,0.437612,0.719254,,,36.251365,0.491169
Westerstaatsman,BU03631404,0.522616,2,0.537634,0.712681,0.887551,3083.5,12.011278,38.220966,0.363517
Prinses Irenebuurt,BU03635900,0.61689,4,0.537634,0.919604,0.830026,2412.9,15.182569,36.123677,0.496928
Driehoekbuurt,BU03630600,0.52184,2,0.569892,0.691847,0.914279,1168.7,12.018519,37.720716,0.290135
Cremerbuurt West,BU03632100,0.646561,5,0.731183,0.797558,0.824677,1888.6,12.106725,37.96164,0.313745
Transvaalbuurt West,BU03633000,0.564991,3,0.867384,0.507027,0.923867,3584.1,8.721707,36.752884,0.377579
De Punt,BU03638300,0.658316,5,0.928315,0.568994,0.703037,,,37.840031,0.442856
Gaasperdam Noord,BU03639603,0.507386,1,0.688172,0.497146,0.833705,,,36.258065,0.481176
Bedrijvengebied Cruquiusweg,BU03633309,0.610979,4,0.612903,0.802389,0.775688,,,29.772492,0.050702
Buitenveldert Oost Midden,BU03639101,0.516549,2,0.584229,0.645041,0.875798,3540.2,12.64985,34.63383,0.529118
Spaarndammerbuurt Noordwest,BU03631305,0.550557,3,0.702509,0.590817,0.833867,2842.7,11.901639,36.649929,0.440706
Overtoomse Veld Noord,BU03638600,0.588057,4,0.896057,0.500737,0.853302,2375.2,8.840974,37.696898,0.360551
Jacob Geelbuurt,BU03638502,0.507713,1,0.777778,0.423562,0.864113,3047.9,12.236776,36.617113,0.463092
Overamstel,BU03635805,0.497478,1,0.494624,0.539201,0.58026,204.5,14.988889,30.765662,0.673884
Buurt 10,BU03637901,0.606601,4,0.659498,0.732557,0.751105,,,35.770581,0.477256
Zuiderhof,BU03639009,0.55805,3,0.598566,0.685981,0.778846,1078.0,17.774436,36.1314,0.40454
De Omval,BU03635807,0.611906,4,0.537634,0.937428,0.890595,1675.9,12.385135,33.502345,0.261961
Hondecoeterbuurt,BU03634705,0.611055,4,0.598566,0.869887,0.881632,2205.5,11.869048,37.860406,0.339909
Frederik Hendrikbuurt Noord,BU03631600,0.526573,2,0.584229,0.691769,0.919135,2490.4,12.912854,36.352882,0.376088
Kop Zuidas,BU03635207,0.609991,4,0.462366,1.0,0.874776,2361.1,13.421569,36.323397,0.323636
Nes e.o.,BU03630003,0.573618,3,0.62724,0.7333,0.852988,1454.0,11.88,38.41698,0.147908
Buurt 8,BU03637802,0.575079,3,0.88172,0.472455,0.832957,,,36.906207,0.414483
Bretten Oost,BU03631107,,,0.508961,0.703803,,2883.5,12.11925,33.24083,0.676465
Da Costabuurt Zuid,BU03631900,0.571973,3,0.641577,0.720725,0.86474,1605.4,14.215517,37.002828,0.310624
Cornelis Troostbuurt,BU03632503,0.557804,3,0.62724,0.714511,0.894484,2204.1,11.818462,37.206988,0.359883
Westlandgrachtbuurt,BU03634401,0.625675,5,0.641577,0.8227,0.800178,2493.8,13.262651,34.979232,0.349609
Bloemenbuurt Noord,BU03636002,0.588199,4,0.763441,0.610708,0.807303,3355.6,11.448174,35.955018,0.462531
Gelderlandpleinbuurt,BU03639000,0.638091,5,0.792115,0.737848,0.869471,3032.3,11.135145,36.718008,0.440214
BG-terrein e.o.,BU03630004,0.479012,1,0.448029,0.676661,0.854316,1015.7,13.660714,37.409731,0.21019
Osdorper Binnenpolder,BU03637900,0.541385,2,0.494624,0.718385,0.719093,2406.2,12.523417,31.771704,0.673241
Buurt 2,BU03637601,0.539235,2,0.824373,0.439705,0.83198,,,35.319306,0.468341
Da Costabuurt Noord,BU03631700,0.568561,3,0.598566,0.75944,0.87321,1899.1,13.793062,37.353863,0.344349
Zuidwestkwadrant Osdorp Noord,BU03638202,0.554531,3,0.820789,0.448362,0.765644,2835.6,11.25,37.703721,0.450536
Oosterdokseiland,BU03630400,0.634002,5,0.673835,0.861213,0.900088,201.7,10.010204,31.464685,0.043893
Stationsplein e.o.,BU03630100,,,0.433692,0.703803,,80.6,12.9375,33.272598,-0.050007
Haveneiland Zuidwest/Rieteiland West,BU03633502,0.795614,5,0.867384,0.907734,0.572166,,,32.573056,0.396725
Staalmanbuurt,BU03638902,0.543932,2,0.749104,0.509358,0.797265,2368.2,13.376777,37.24731,0.382273
Buurt 4 Oost,BU03637702,0.546306,2,0.763441,0.537397,0.870146,,,35.746397,0.472024
Frederik Hendrikbuurt Zuidoost,BU03631601,0.609879,4,0.806452,0.661304,0.886119,1516.0,12.208824,38.046951,0.296479
Museumplein,BU03634707,,,0.598566,0.703803,,2199.1,10.19305,36.610746,0.30305
Oude Kerk e.o.,BU03630001,0.531118,2,0.598566,0.666539,0.874622,734.3,11.09434,38.717945,0.145592
Czaar Peterbuurt,BU03630904,0.531057,2,0.612903,0.628196,0.826915,2461.3,12.319915,36.51907,0.314162
Hercules Seghersbuurt,BU03632403,0.605167,4,0.806452,0.655904,0.898875,1620.4,12.023438,37.812319,0.260956
Dorp Sloten,BU03638809,0.643122,5,0.612903,0.871299,0.752794,2064.2,9.941546,34.612694,0.590239
Lucas/Andreasziekenhuis e.o.,BU03638605,0.617555,4,0.688172,0.784334,0.857238,1000.3,11.590659,38.938674,0.33115
Helmersbuurt Oost,BU03632000,0.575902,3,0.508961,0.859874,0.858158,1625.8,15.228324,37.650896,0.304616
Buiksloterbreek,BU03637004,0.661891,5,0.569892,0.962665,0.755659,2124.8,12.062814,34.28634,0.569655
Kortvoort,BU03639403,0.471594,1,0.806452,0.245479,0.745889,2972.2,9.49577,36.619791,0.398513
VU-kwartier,BU03632302,0.550777,3,0.584229,0.687799,0.790171,1189.1,12.045842,38.894887,0.273971
Zuidas Zuid,BU03632303,0.641129,5,0.673835,0.864919,0.871862,1485.1,13.025806,35.32738,0.279524
Leliegracht e.o.,BU03630201,0.600035,4,0.62724,0.820213,0.894731,1550.4,13.698529,35.920357,0.337807
Haveneiland Noordoost,BU03633505,0.707905,5,0.820789,0.740545,0.58314,,,33.719709,0.30793
Bijlmermuseum Zuid,BU03639413,0.514014,1,0.734767,0.397675,0.694815,5573.8,12.477524,33.579219,0.59355
Tuindorp Oostzaan West,BU03636500,0.595927,4,0.645161,0.6462,0.603088,3129.1,12.801255,35.986575,0.573428
Calandlaan/Lelylaan,BU03638103,0.555213,3,0.777778,0.519557,0.818606,3263.5,11.388643,36.337521,0.495402
Felix Meritisbuurt,BU03630202,0.586154,4,0.569892,0.830689,0.870393,1274.9,14.301724,35.705994,0.319261
Waterloopleinbuurt,BU03630408,0.575749,3,0.645161,0.704634,0.820845,1720.9,12.387755,37.387858,0.252254
G-buurt Noord,BU03639412,0.401434,1,0.716846,0.165217,0.756958,3557.9,11.965328,34.309656,0.510407
Haveneiland Oost,BU03635101,0.762685,5,0.910394,0.781611,0.570583,,,33.648348,0.337128
Haveneiland Noordwest,BU03633504,0.673059,5,0.792115,0.690597,0.600127,,,32.886575,0.343948
Westelijke eilanden,BU03630503,0.621067,5,0.777778,0.717663,0.885549,1233.0,12.378723,34.384769,0.282136
Bedrijvencentrum Osdorp,BU03638301,0.537178,2,0.569892,0.611662,0.67722,2194.0,20.119433,40.480536,0.294015
Elandsgrachtbuurt,BU03630606,0.579011,3,0.702509,0.684146,0.878256,1024.2,12.65,38.321807,0.292516
Mercatorpark,BU03634103,0.536624,2,0.763441,0.530899,0.905563,4217.4,14.494652,37.63816,0.504543
Kantershof,BU03639410,0.485638,1,0.584229,0.434255,0.60878,3534.0,11.799675,33.260724,0.551133
Utrechtsebuurt Zuid,BU03630706,0.612681,4,0.659498,0.786943,0.829477,1962.2,11.168033,35.318536,0.320412
Osdorp Midden Zuid,BU03638201,0.55361,3,0.806452,0.462335,0.769524,,,35.511722,0.564768
RI Oost terrein,BU03633405,0.672544,5,0.731183,0.749847,0.599341,,,35.927259,0.340899
Gaasperdam Zuid,BU03639604,0.517063,2,0.716846,0.472841,0.794059,,,36.856734,0.445507
de Plantage,BU03630803,0.529462,2,0.433692,0.806892,0.833858,1488.0,11.969136,34.760884,0.441283
Andreasterrein,BU03638701,0.634936,5,0.763441,0.74705,0.846301,2124.5,12.14876,34.891739,0.409108
Woon- en Groengebied Sloterdijk,BU03633600,0.571077,3,0.405018,0.952231,0.859115,3211.8,11.892102,33.721494,0.664745
Bloemgrachtbuurt,BU03630602,0.598794,4,0.688172,0.756207,0.894788,1242.6,13.289116,36.982178,0.296717
Weespertrekvaart,BU03635801,0.525351,2,0.598566,0.572243,0.714863,480.7,9.682692,38.016399,0.253389
Delflandpleinbuurt Oost,BU03638702,0.530094,2,0.702509,0.500744,0.756036,2460.1,10.636986,36.100057,0.416725
RAI,BU03632301,,,0.62724,0.703803,,1181.8,13.328125,40.169137,0.20279
Sloterpark,BU03637704,0.379902,1,0.25448,0.635736,0.880922,1276.1,15.897646,28.42813,0.481166
Nieuw Sloten Zuidwest,BU03638807,0.664203,5,0.584229,0.919782,0.687008,4260.5,7.890127,36.362545,0.436414
Wildeman,BU03638100,0.555153,3,0.928315,0.359969,0.800805,2090.4,11.662651,36.878411,0.461715
Haarlemmerbuurt West,BU03630502,0.571644,3,0.716846,0.669683,0.914838,1414.8,10.519608,38.320128,0.25068
Julianapark,BU03635502,0.654052,5,0.641577,0.91752,0.847933,3305.7,10.713,37.417103,0.359662
Medisch Centrum Slotervaart,BU03638903,0.418861,1,0.612903,0.310712,0.752924,1195.6,15.619335,37.883824,0.370672
Nelson Mandelapark,BU03639310,,,0.25448,0.703803,,3466.3,10.272113,35.745894,0.564111
Sportpark Middenmeer Zuid,BU03635603,0.509973,1,0.37276,0.818153,0.831961,6215.1,14.892086,36.055374,0.559069
Nieuw Sloten Noordwest,BU03638804,0.618366,4,0.62724,0.774271,0.711193,3712.5,10.94081,34.866792,0.490784
Bijlmermuseum Noord,BU03639402,0.474961,1,0.853047,0.207784,0.746857,4142.1,12.421779,33.518291,0.556274
Tuindorp Oostzaan Oost,BU03636501,0.702072,5,0.896057,0.680163,0.64208,2124.7,11.621134,36.269786,0.473778
Marnixbuurt Midden,BU03630605,0.549664,2,0.645161,0.672006,0.886015,647.6,11.833333,37.082422,0.171262
Louis Chrispijnbuurt,BU03638900,0.599337,4,0.867384,0.560668,0.859417,2936.4,10.242781,36.980818,0.46749
Terrasdorp,BU03636502,0.598775,4,0.777778,0.550096,0.661874,2881.4,11.481031,37.505131,0.453032
Buurt 6,BU03637800,0.518821,2,0.777778,0.433662,0.828775,,,36.595292,0.430439
De Aker Oost,BU03638402,0.743873,5,0.942652,0.758496,0.68293,2503.8,7.066391,36.558676,0.429926
Den Texbuurt,BU03630705,0.593465,4,0.612903,0.793535,0.845553,1777.4,14.271978,35.912198,0.387042
Gein Noordwest,BU03639700,0.517386,2,0.763441,0.408327,0.756605,,,34.90653,0.514623
Frankendael,BU03635504,0.40303,1,0.25448,0.703803,0.901417,5829.8,13.853667,32.172161,0.696823
Sloterdijk III West,BU03631103,0.522818,2,0.569892,0.513301,0.552298,,,38.886577,0.351805
P.C. Hooftbuurt,BU03634701,0.552897,3,0.448029,0.862605,0.856783,1754.7,12.942529,36.756651,0.322705
Jacques Veltmanbuurt,BU03638901,0.566056,3,0.763441,0.588881,0.874365,2692.9,13.783871,36.498774,0.433375
Schipluidenbuurt,BU03638705,0.54209,2,0.673835,0.627986,0.893192,1227.5,9.518519,37.536942,0.230235
Amstel III deel C/D Zuid,BU03639204,,,0.358423,0.703803,,766.4,10.961538,40.234178,0.301414
Amstel III deel A/B Zuid,BU03639203,0.468613,1,0.702509,0.36811,0.798176,1310.4,7.994638,37.777113,0.358075
Anjeliersbuurt Noord,BU03630610,0.589768,4,0.702509,0.732673,0.921525,1588.4,11.244681,37.661467,0.289315
Gein Noordoost,BU03639702,0.618692,4,0.508961,0.877725,0.679913,,,32.694797,0.584176
Sloterweg e.o.,BU03638803,0.616164,4,0.537634,0.860695,0.715841,4544.6,12.880983,34.12287,0.630081
Buurt 9,BU03637803,0.572556,3,0.88172,0.448055,0.796773,,,36.846515,0.426537
Bedrijvenpark Lutkemeer,BU03638002,0.566836,3,0.480287,0.720937,0.56827,548.4,9.063913,33.613582,0.57691
Delflandpleinbuurt West,BU03638703,0.540497,2,0.673835,0.569995,0.785173,2220.4,13.228346,36.394798,0.417879
Osdorp Zuidoost,BU03638104,0.632304,5,0.88172,0.606222,0.814366,2582.2,10.848485,36.105579,0.483031
Zuidas Noord,BU03632300,0.619618,5,0.555556,0.901844,0.816709,2045.3,11.838361,36.18694,0.368675
NDSM terrein,BU03637105,0.553709,3,0.688172,0.524103,0.656004,358.6,8.445205,31.416387,0.036749
Emanuel van Meterenbuurt,BU03638501,0.5418,2,0.645161,0.63818,0.857682,2422.9,15.038528,31.892908,0.507473
Vogelbuurt Noord,BU03636102,0.550197,2,0.702509,0.543846,0.741725,4292.5,13.638336,35.009024,0.514753
Gibraltarbuurt,BU03633705,0.542295,2,0.749104,0.533133,0.852998,2053.9,13.586514,38.358938,0.40511
E-buurt,BU03639400,0.628002,5,0.820789,0.641623,0.784813,3199.1,10.905866,36.48522,0.423436
Gaasperplas,BU03639502,0.506296,1,0.390681,0.737827,0.725535,90.4,12.172131,28.710727,0.396642
Van der Kunbuurt,BU03635508,0.408578,1,0.494624,0.481993,0.910342,2274.6,12.206989,35.462801,0.332675
Rembrandtpark Noord,BU03638602,0.522472,2,0.494624,0.761477,0.899843,5563.2,15.511577,32.534615,0.696583
Bedrijventerrein Sloterdijk I,BU03633601,0.42522,1,0.508961,0.426749,0.745319,,,40.59581,0.297029
Tuindorp Amstelstation,BU03635505,0.443132,1,0.659498,0.360614,0.824563,4370.2,8.920308,36.446883,0.520939
Middenmeer Noord,BU03635601,0.574236,3,0.537634,0.850959,0.906007,2931.4,10.594949,36.801364,0.435687
Science Park Noord,BU03635607,0.548521,2,0.598566,0.719256,0.893041,653.1,10.45,37.140396,0.353789
Nieuw Sloten Noordoost,BU03638805,0.65979,5,0.702509,0.811795,0.729659,3663.8,9.085627,36.822159,0.48635
Aalsmeerwegbuurt Oost,BU03634403,0.585373,4,0.555556,0.796204,0.776656,2996.4,11.619427,36.635394,0.381148
Leidsebuurt Zuidwest,BU03630701,0.518325,2,0.537634,0.68473,0.853103,1197.4,14.435897,37.772431,0.203084
Zuidwestkwadrant Osdorp Zuid,BU03638203,0.618271,4,0.806452,0.620057,0.761661,2757.1,11.169634,36.621277,0.444823
G-buurt West,BU03639401,0.540972,2,0.702509,0.546592,0.793341,2907.0,12.45587,36.742924,0.41794
Reigersbos Midden,BU03639605,0.586603,4,0.806452,0.543052,0.765994,,,36.137096,0.449759
Durgerdam,BU03637303,0.7295,5,0.612903,0.897295,0.372896,16.7,11.348837,27.720147,0.673725
Marine-Etablissement,BU03630900,0.56433,3,0.555556,0.724869,0.739201,1012.8,11.388235,33.603746,0.29981
Vogeltjeswei,BU03639309,0.544289,2,0.763441,0.541483,0.888405,2862.9,7.427807,38.414396,0.375895
Gooise Kant,BU03639411,0.602961,4,0.612903,0.772802,0.756607,3084.8,4.487871,35.949751,0.428338
Houthavens West,BU03631200,0.72209,5,0.777778,0.926853,0.798812,1257.1,9.725806,30.475338,0.1286
F-buurt,BU03639303,0.581286,4,0.867384,0.523399,0.875136,2064.4,7.640152,37.518953,0.323872
Hoptille,BU03639305,0.511489,1,0.896057,0.344651,0.923971,1438.2,11.001976,38.313014,0.352629
Vondelparkbuurt Oost,BU03632200,0.524887,2,0.419355,0.815157,0.844586,1137.6,14.206767,37.004826,0.348331
Zuidoostkwadrant Indische buurt,BU03633201,0.484728,1,0.688172,0.471805,0.896314,,,36.000154,0.393141
Park Haagseweg,BU03638801,0.66749,5,0.569892,0.950701,0.703738,3799.9,8.774194,35.923799,0.4833
Johan Jongkindbuurt,BU03638604,0.345827,1,0.555556,0.239334,0.860642,1368.6,15.076577,36.946154,0.461249
Vondelpark Oost,BU03634708,,,0.283154,0.703803,,9730.1,12.31363,31.963384,0.677211
K-buurt Zuidoost,BU03639406,0.608151,4,0.702509,0.641905,0.648074,2774.9,8.654082,35.863745,0.417159
Kop Zeedijk,BU03630000,0.528771,2,0.584229,0.687638,0.89988,708.5,14.071429,36.555141,0.142515
Nieuwe Oosterbegraafplaats,BU03635701,,,0.376344,0.703803,,8181.8,9.924538,32.842949,0.689498
Kadijken,BU03630908,0.579251,3,0.598566,0.750798,0.802473,1534.9,10.5625,36.324195,0.28108
Vliegenbos,BU03636103,0.499167,1,0.315412,0.766351,0.667689,7160.9,17.183913,30.976253,0.737301
Vondelparkbuurt Midden,BU03632201,0.53903,2,0.537634,0.722383,0.824886,856.1,10.273973,36.356036,0.396875
Buurt 3,BU03637600,0.53637,2,0.792115,0.464008,0.830396,,,37.023597,0.47842
Bedrijvencentrum Westerkwartier,BU03631502,0.522867,2,0.433692,0.775562,0.804172,2108.3,10.884746,37.881129,0.3885
D-buurt,BU03639302,0.409683,1,0.612903,0.310474,0.798339,3814.7,12.805656,35.621889,0.524362
Sarphatistrook,BU03630801,0.508175,1,0.494624,0.704276,0.856925,1649.7,13.892508,36.262536,0.303698
Betondorp,BU03635700,0.520433,2,0.673835,0.542085,0.829676,2436.4,9.958286,36.117883,0.443631
Drieburg,BU03635702,,,0.329749,0.703803,,4525.6,12.130147,36.336202,0.560624
Kolenkitbuurt Noord,BU03633903,0.510461,1,0.853047,0.351136,0.856062,2903.3,11.430057,38.080788,0.403932
Hoofdcentrum Zuidoost,BU03639200,0.546755,2,0.62724,0.642235,0.805177,362.4,8.742424,38.48889,0.223739
Alfa-driehoek,BU03631001,,,0.37276,0.703803,,78.7,,38.788932,0.330278
Amstelglorie,BU03635804,0.576933,3,0.494624,0.811445,0.72747,1224.2,14.729282,31.635,0.653391
Bretten West,BU03631109,,,0.25448,0.703803,,996.6,13.138716,29.781462,0.734111
Park de Meer,BU03635605,0.638535,5,0.716846,0.800171,0.841361,3895.1,10.520385,34.811159,0.530834
Oostzanerdijk,BU03636601,0.659925,5,0.641577,0.825576,0.634681,328.3,15.605263,34.267049,0.565032
Nieuwe Meer,BU03638802,0.46194,1,0.390681,0.57808,0.627824,385.2,11.967227,27.863492,0.379163
Sportpark Voorland,BU03635606,,,0.329749,0.703803,,4345.1,12.937177,36.597635,0.513696
Lizzy Ansinghbuurt,BU03632502,0.560059,3,0.659498,0.679037,0.876776,2375.8,9.885827,37.527092,0.322496
Buitenveldert West Midden,BU03639008,0.57454,3,0.508961,0.82199,0.789203,5602.4,12.078797,34.046406,0.593698
Olympisch Stadion e.o.,BU03634803,0.735997,5,0.956989,0.793175,0.820341,1694.5,10.246479,37.602489,0.322213
Haveneiland Noord,BU03635102,0.681484,5,0.853047,0.636544,0.571759,,,34.10784,0.22396
Kalverdriehoek,BU03630107,0.656638,5,0.731183,0.826752,0.832682,612.7,12.774194,38.659945,0.128156
Amstelkwartier Zuid,BU03635808,0.606157,4,0.716846,0.6795,0.761908,981.7,10.093085,40.498382,0.174719
Amstelkwartier Noord,BU03635806,0.585974,4,0.569892,0.783953,0.777823,1354.8,9.890977,35.725028,0.205703
Frederik Hendrikbuurt Zuidwest,BU03631602,0.638951,5,0.806452,0.731154,0.880456,2113.8,8.227273,35.55676,0.254496
Middenmeer Zuid,BU03635602,0.626229,5,0.62724,0.872761,0.868856,3464.9,10.520016,37.160337,0.447786
De Wetbuurt,BU03635506,0.551473,3,0.569892,0.715229,0.812878,4947.0,12.823874,35.509947,0.572712
Zeeheldenbuurt,BU03631300,0.470839,1,0.462366,0.65118,0.872897,2118.9,13.253886,34.311618,0.310347
Sloterdijk III Oost,BU03631102,,,0.283154,0.703803,,,,38.190702,0.335728
Hemelrijk,BU03630101,0.568745,3,0.673835,0.698783,0.901512,1636.2,14.301471,37.926247,0.142601
Java-eiland,BU03633302,0.710189,5,0.734767,0.890483,0.699555,486.4,14.708065,25.791356,-0.071821
Noordoever Sloterplas,BU03637701,0.598248,4,0.763441,0.661462,0.858566,4190.3,13.572757,34.883776,0.45151
Gein Zuidoost,BU03639703,0.544835,2,0.569892,0.637789,0.691189,,,32.051131,0.609045
Haarlemmerbuurt Oost,BU03630501,0.530482,2,0.537634,0.741394,0.905647,1530.6,14.284615,37.125706,0.321704
Weesperbuurt,BU03630800,0.594621,4,0.702509,0.700285,0.832483,1386.7,13.65678,34.93551,0.332955
Harmoniehofbuurt,BU03634706,0.587393,4,0.523297,0.898706,0.907041,2152.4,12.940341,36.48282,0.367422
Amstel III deel A/B Noord,BU03639201,0.531207,2,0.62724,0.622093,0.842631,1085.4,12.805037,38.58951,0.295886
De Heining,BU03631104,0.604268,4,0.537634,0.702183,0.458295,,,30.516505,0.645872
Dapperbuurt Noord,BU03632900,0.579132,3,0.83871,0.561129,0.904015,2979.4,12.366858,36.114032,0.35596
Amsterdamse Bos,BU03639004,0.580812,4,0.494624,0.788531,0.662252,1471.1,10.741969,27.116178,0.510436
Overbraker Binnenpolder,BU03631307,,,0.523297,0.703803,,1447.7,12.954719,35.755743,0.546451
Weesperzijde Midden/Zuid,BU03632701,0.596045,4,0.659498,0.791733,0.922236,1898.6,12.006024,35.266747,0.294156
Venserpolder Oost,BU03639301,0.493784,1,0.702509,0.451682,0.839463,3267.2,13.313158,35.844654,0.475228
Riekerhaven,BU03638704,0.33314,1,0.523297,0.151369,0.683631,2386.0,11.931548,35.446538,0.52371
Planciusbuurt Zuid,BU03630506,0.473244,1,0.688172,0.454477,0.919077,979.3,12.28125,36.426643,0.240344
,BU03639997,,,0.62724,0.703803,,,,21.702187,-0.28216
Schellingwoude West,BU03637300,0.598511,4,0.523297,0.773017,0.600072,1293.4,13.690878,29.380231,0.35021
Rijnbuurt Midden,BU03635402,0.516168,2,0.462366,0.771236,0.886366,3601.0,13.414046,34.664364,0.498167
Buitenveldert Zuidwest,BU03639003,0.607711,4,0.673835,0.71096,0.731034,4045.2,12.154949,34.712123,0.530176
Walvisbuurt,BU03636602,0.63878,5,0.584229,0.818401,0.611358,874.1,9.785714,34.369766,0.558018
Flevopark,BU03633203,0.407749,1,0.25448,0.660057,0.790333,2064.1,13.450035,27.78997,0.421434
Kattenburg,BU03630901,0.468188,1,0.46595,0.584733,0.760428,3568.5,12.671582,33.334565,0.439684
Wittenburg,BU03630902,0.570436,3,0.659498,0.64849,0.763795,2399.1,11.817073,33.263975,0.347673
Vogelbuurt Zuid,BU03636101,0.588595,4,0.88172,0.464304,0.749076,2512.3,10.221986,36.852397,0.405707
Oostoever Sloterplas,BU03638500,0.594059,4,0.645161,0.758726,0.837481,2055.5,11.370477,30.170653,0.294046
Zeeburgereiland Noordoost,BU03633406,,,0.612903,0.703803,,,,32.935061,0.335835
Centrumeiland,BU03635006,,,0.62724,0.703803,,339.7,13.5,32.555676,0.126362
Schellingwoude Oost,BU03637301,0.606999,4,0.405018,0.92239,0.619819,1989.8,14.531873,30.890568,0.686706
Markthallen,BU03631501,0.635817,5,0.820789,0.703803,0.870099,491.0,10.024038,41.514322,0.154578
Nieuwe Diep/Diemerpark,BU03633404,0.638132,5,0.551971,0.782512,0.478308,,,28.867781,0.373345
Sportpark Middenmeer Noord,BU03635604,0.197236,1,0.405018,0.017905,0.859665,5221.5,13.351508,37.014645,0.599209
Amstelpark,BU03639103,0.452314,1,0.301075,0.703803,0.748185,10291.7,12.683791,30.082449,0.70042
Valeriusbuurt Oost,BU03634600,0.585177,4,0.462366,0.903426,0.805698,2312.8,11.919355,36.562274,0.373283
Reigersbos Noord,BU03639601,0.470229,1,0.716846,0.366312,0.815173,,,35.77809,0.489616
Hakfort/Huigenbos,BU03639307,0.46066,1,0.749104,0.317867,0.830643,2706.9,11.497788,34.944586,0.551353
Riekerpolder,BU03638800,0.523785,2,0.569892,0.583657,0.688173,673.8,10.768817,37.027761,0.373489
Rembrandtpark Zuid,BU03638603,0.535818,2,0.390681,0.883804,0.869881,3173.9,15.378613,31.613242,0.703117
Amsterdamse Poort,BU03639304,0.472047,1,0.942652,0.193125,0.911319,827.4,10.743682,38.691815,0.231999
Steigereiland Zuid,BU03633501,0.711455,5,0.806452,0.769082,0.593792,2258.3,8.774336,32.442204,0.342204
Paramariboplein e.o.,BU03634300,0.578553,3,0.598566,0.774263,0.852894,1926.5,12.659774,37.040851,0.352337
Koningin Wilhelminaplein,BU03638700,0.619902,5,0.584229,0.882629,0.834208,1896.1,14.902494,34.801077,0.427746
Sloterdijk II,BU03631100,0.560613,3,0.612903,0.676259,0.775261,,,41.124481,0.287276
Buurt 7,BU03637801,0.605595,4,0.806452,0.6009,0.786729,,,36.290226,0.447288
Nieuwendammerdijk West,BU03636402,0.707105,5,0.659498,0.963796,0.711062,934.3,8.721649,34.216312,0.434837
Diamantbuurt,BU03632600,0.460734,1,0.598566,0.509872,0.913206,2710.5,10.444169,36.018928,0.330963
Linnaeusparkbuurt,BU03635600,0.59212,4,0.551971,0.879037,0.901417,2203.8,10.382759,37.159577,0.35059
De Wittenbuurt Noord,BU03631400,0.553212,3,0.673835,0.661336,0.904282,1915.4,10.857692,35.802623,0.351816
Zeeburgereiland Noordwest,BU03633400,0.612309,4,0.612903,0.685981,0.536221,,,33.776819,0.22151
AMC,BU03639205,0.447279,1,0.62724,0.357442,0.732969,879.5,13.432907,35.544866,0.506009
Spaarndammerbuurt Zuidwest,BU03631303,0.577008,3,0.806452,0.576372,0.880607,3232.6,12.907834,37.724433,0.39391
IJplein e.o.,BU03636100,0.494496,1,0.62724,0.470833,0.723667,1516.8,9.714689,30.293143,0.143697
Landelijk gebied Driemond,BU03639801,0.521663,2,0.301075,0.816761,0.62736,395.1,6.856148,29.509247,0.666245
Staatsliedenbuurt Noordoost,BU03631402,0.474748,1,0.641577,0.492128,0.893668,2683.2,12.472561,36.783528,0.404197
Leidsebuurt Zuidoost,BU03630703,0.670597,5,0.820789,0.781567,0.851728,900.6,10.678571,37.259489,0.209999
Oostpoort,BU03632902,0.614577,4,0.853047,0.659897,0.953004,2437.6,9.594705,37.105819,0.300783
IJsbaanpad e.o.,BU03634804,0.713338,5,0.673835,0.974188,0.729355,3640.2,15.793998,36.844232,0.350835
Kortenaerkwartier,BU03637500,0.573819,3,0.688172,0.662751,0.832749,1778.8,9.481343,39.010063,0.375895
Nieuwmarkt,BU03630404,0.572166,3,0.763441,0.596146,0.858347,1460.6,14.870968,36.274849,0.294741
Science Park Zuid,BU03635608,0.275689,1,0.569892,0.0,0.761338,584.3,11.924065,32.545747,0.435169
Buitenveldert Midden Zuid,BU03639002,0.596296,4,0.612903,0.768791,0.78191,,,33.88337,0.605022
Bedrijventerrein Schinkel,BU03634405,0.521464,2,0.508961,0.63616,0.682919,2900.4,13.353632,38.065549,0.31153
Nieuwendammerdijk Oost,BU03636403,0.604591,4,0.405018,0.949517,0.686117,1435.0,12.643678,31.837601,0.489822
Rapenburg,BU03630402,0.559084,3,0.569892,0.747118,0.8386,975.5,12.317518,32.820309,0.144952
Uilenburg,BU03630405,0.564332,3,0.598566,0.731156,0.837784,944.7,14.259036,35.928291,0.258807
Middelveldsche Akerpolder,BU03638400,0.696647,5,0.88172,0.683887,0.647979,2462.3,6.223684,37.39379,0.392465
Spaarndammerbuurt Noordoost,BU03631301,0.530501,2,0.763441,0.502451,0.87928,1698.9,13.773026,36.20583,0.352474
Zuidwestkwadrant Indische buurt,BU03633102,0.510019,1,0.820789,0.411089,0.913661,,,37.12856,0.392857
Borgerbuurt,BU03631901,0.575991,3,0.928315,0.43643,0.849536,1995.6,8.985437,38.488902,0.307713
Zorgvlied,BU03635404,0.507696,1,0.480287,0.692461,0.807018,1255.5,12.468439,31.788715,0.592335
Holendrecht West,BU03639600,0.424245,1,0.792115,0.179654,0.822315,2908.5,11.77868,36.571725,0.466036
Beatrixpark,BU03635901,,,0.060932,0.703803,,12679.4,11.702703,31.556469,0.782416
Zeeburgereiland Zuidoost,BU03633402,0.377236,1,0.419355,0.356114,0.664756,,,32.954289,0.351659
Spiegelbuurt,BU03630300,0.568153,3,0.508961,0.835702,0.84856,1071.4,13.160714,36.619265,0.34096
Tuindorp Frankendael,BU03635507,0.487209,1,0.584229,0.549673,0.831762,4026.0,12.834553,35.163325,0.558938
Slotermeer Zuid,BU03637700,0.477148,1,0.749104,0.368815,0.850096,,,35.793542,0.519591
L-buurt,BU03639500,0.60204,4,0.612903,0.758663,0.732933,2859.8,12.43775,31.845124,0.64847
Reigersbos Zuid,BU03639606,0.605028,4,0.731183,0.661373,0.759972,1606.5,10.495273,33.66842,0.566268
Amstel III deel C/D Noord,BU03639202,0.521696,2,0.523297,0.666538,0.771193,723.4,12.236427,40.434491,0.299014
WG-terrein,BU03632001,0.589916,4,0.731183,0.662072,0.836931,2770.5,10.075359,37.232491,0.388671
Beethovenbuurt,BU03634901,0.56452,3,0.494624,0.854452,0.875552,2988.1,13.398305,36.372771,0.460734
Vervoerscentrum,BU03631004,,,0.390681,0.703803,,4.3,9.5,41.486917,0.285439
Noordoostkwadrant Indische buurt,BU03633200,0.483901,1,0.716846,0.433333,0.880853,,,35.88215,0.423674
Diepenbrockbuurt,BU03634900,0.60146,4,0.537634,0.898177,0.864322,2038.6,11.796482,35.321364,0.420603
Valkenburg,BU03630406,0.547421,2,0.551971,0.723382,0.813599,2158.8,12.649038,36.288813,0.331212
Rieteiland Oost,BU03635100,0.676366,5,0.555556,0.889092,0.507463,4685.7,4.373418,31.104577,0.488945
Teleport,BU03631105,0.500273,1,0.598566,0.558859,0.813484,,,38.105527,0.30711
Amstelveldbuurt,BU03630303,0.563357,3,0.508961,0.810494,0.822126,1582.3,13.169951,34.503764,0.37482
Oosterpark,BU03632801,0.391386,1,0.344086,0.57649,0.884221,5513.3,15.646566,33.780607,0.60122
Langestraat e.o.,BU03630200,0.542242,2,0.448029,0.856497,0.897841,1378.1,14.469828,35.634444,0.327777
Marnixbuurt Zuid,BU03630609,0.539255,2,0.569892,0.70768,0.858869,1133.0,13.675926,36.583171,0.250272
Surinamepleinbuurt,BU03634400,0.61278,4,0.598566,0.845768,0.824771,2270.4,10.948571,36.809197,0.380801
Holendrecht Oost,BU03639602,0.588723,4,0.659498,0.729745,0.834873,4572.4,10.965149,34.337014,0.60462
Westergasfabriek,BU03631306,,,0.193548,0.703803,,5670.4,11.821265,34.382298,0.544224
John Franklinbuurt,BU03634100,0.507961,1,0.62724,0.578761,0.872196,1789.6,15.108871,36.470039,0.404926
Coenhaven/Mercuriushaven,BU03631000,0.563064,3,0.569892,0.703803,0.732069,,,31.386424,0.060766
Cremerbuurt Oost,BU03632002,0.551754,3,0.508961,0.789042,0.837234,1408.0,12.130435,38.091129,0.334527
Hiltonbuurt,BU03634902,0.487338,1,0.315412,0.827875,0.849887,3027.5,13.919521,35.101785,0.494356
Buurt 5 Noord,BU03637703,0.464621,1,0.749104,0.344668,0.864437,,,36.237043,0.486486
Hoge Dijk,BU03639206,0.522883,2,0.523297,0.632739,0.697658,379.3,11.988491,30.90868,0.696125
Gaasperpark,BU03639501,0.451338,1,0.21147,0.721625,0.6095,560.6,10.736041,30.003896,0.621692
Dorp Driemond,BU03639800,0.603994,4,0.494624,0.8606,0.69048,2135.0,10.065951,33.048872,0.410094
Anjeliersbuurt Zuid,BU03630611,0.564381,3,0.688172,0.68186,0.918158,1111.8,10.954545,37.250028,0.30724
,BU03639998,,,0.62724,0.703803,,,,25.747307,-0.161792
Gouden Bocht,BU03630301,0.568852,3,0.537634,0.803033,0.837074,,,36.056706,0.31392
Leidsebuurt Noordoost,BU03630702,0.559026,3,0.584229,0.738408,0.850144,990.4,12.889831,38.55856,0.231924
Afrikahaven,BU03631006,,,0.508961,0.703803,,42.9,10.5,34.68633,0.309311
Wielingenbuurt,BU03635200,0.548918,2,0.433692,0.872932,0.868657,2231.9,13.031646,36.187477,0.396013
Ookmeer,BU03638000,0.458126,1,0.584229,0.450775,0.779379,3884.0,14.307192,36.035081,0.592799
Osdorper Bovenpolder,BU03638001,0.634062,5,0.673835,0.7625,0.702363,287.7,10.08671,32.414476,0.620375
Osdorpplein e.o.,BU03638102,0.609947,4,0.88172,0.565055,0.843816,1690.0,12.950355,35.28483,0.19561
Buitenveldert Zuidoost,BU03639102,0.580872,4,0.612903,0.740973,0.803393,5325.7,12.087101,34.350946,0.561606
Geuzenhofbuurt,BU03634000,0.455018,1,0.21147,0.825942,0.799733,2935.1,16.797244,35.280418,0.530974
Petroleumhaven,BU03631002,,,0.37276,0.703803,,8.7,9.825,31.798653,0.17447
Westhaven Noord,BU03631003,0.575424,3,0.537634,0.713524,0.625196,3.3,9.214286,35.40245,0.133543
Amerikahaven,BU03631005,0.528951,2,0.329749,0.666543,0.347829,13.1,8.825,33.975744,0.171157
KNSM-eiland,BU03633303,0.620265,5,0.584229,0.811032,0.689198,237.3,14.679167,24.037395,-0.190578
Architectenbuurt,BU03633307,0.551335,3,0.569892,0.719659,0.822428,2264.5,11.728571,33.660458,0.301544
Zeeburgereiland Zuidwest,BU03633403,0.419689,1,0.419355,0.456404,0.653071,,,30.469097,0.350308
Schinkelbuurt Zuid,BU03634501,0.628332,5,0.83871,0.634789,0.805337,3448.7,9.99009,36.420614,0.276919
Willemsparkbuurt Noord,BU03634602,0.553567,3,0.419355,0.867563,0.806001,2667.8,13.16302,35.431227,0.449062
Cornelis Douwesterrein,BU03637104,,,0.329749,0.703803,,429.6,11.460695,34.206771,0.126938
Venserpolder West,BU03639300,0.504873,1,0.792115,0.378854,0.817573,2519.4,10.687177,35.836529,0.49161
Huntum,BU03639308,0.560924,3,0.551971,0.765125,0.829571,3850.6,11.79803,35.279662,0.580589
De Wittenbuurt Zuid,BU03631401,0.505564,1,0.673835,0.538312,0.896476,1381.6,11.25,36.565012,0.297108
Bosleeuw,BU03633702,0.580288,3,0.853047,0.540272,0.885198,2838.7,11.038554,38.629762,0.365815
Spaarndammerbuurt Midden,BU03631304,0.563832,3,0.716846,0.621353,0.857237,4010.3,12.789286,37.101185,0.398225
Landlust Zuid,BU03633703,0.562913,3,0.702509,0.62801,0.846473,2864.1,10.302842,37.335748,0.400956
Erasmusparkbuurt Oost,BU03633704,0.545533,2,0.584229,0.709218,0.85923,2148.8,12.859873,36.891887,0.367801
Landlust Noord,BU03633706,0.503938,1,0.612903,0.575025,0.856166,2417.0,11.34186,38.231105,0.40615
Robert Scottbuurt West,BU03633900,0.561832,3,0.806452,0.536266,0.876274,2664.9,10.139373,37.231377,0.335442
Robert Scottbuurt Oost,BU03633803,0.565494,3,0.673835,0.688166,0.896533,1932.4,11.831897,37.036849,0.332691
Trompbuurt,BU03634001,0.575489,3,0.598566,0.754312,0.82831,1737.2,12.115,38.066258,0.389608
Pieter van der Doesbuurt,BU03634002,0.52307,2,0.62724,0.60472,0.848569,1294.6,13.373684,37.525088,0.353568
Jan Maijenbuurt,BU03634101,0.56171,3,0.853047,0.50136,0.900261,2576.9,9.339779,39.221042,0.368108
Orteliusbuurt Noord,BU03634102,0.493582,1,0.598566,0.59251,0.914241,1523.8,13.640625,38.886653,0.368997
Orteliusbuurt Midden,BU03634202,0.529921,2,0.584229,0.69616,0.911177,1673.9,12.463918,38.362355,0.402517
Marcanti,BU03631503,0.495456,1,0.494624,0.662559,0.837083,2853.2,12.3525,35.104436,0.409101
Nieuwe Kerk e.o.,BU03630104,0.610183,4,0.688172,0.774673,0.874774,332.4,12.681818,38.912683,0.086811
Begijnhofbuurt,BU03630106,0.580038,3,0.62724,0.74713,0.84855,707.9,12.910714,38.627545,0.150968
Vondelparkbuurt West,BU03632101,0.613123,4,0.641577,0.799895,0.817326,1130.0,13.296296,36.569889,0.320413
Gerard Doubuurt,BU03632401,0.517429,2,0.569892,0.656329,0.8653,2302.6,11.753425,37.288386,0.309501
Sarphatiparkbuurt,BU03632404,0.564274,3,0.62724,0.722882,0.878872,3207.4,12.216641,37.069446,0.378524
Van der Helstpleinbuurt,BU03632501,0.557895,3,0.598566,0.738107,0.88387,2223.1,11.455017,37.764816,0.331395
Burgemeester Tellegenbuurt Oost,BU03632601,0.522771,2,0.702509,0.547782,0.886725,2642.8,9.228374,37.63556,0.397755
Burgemeester Tellegenbuurt West,BU03632602,0.496457,1,0.641577,0.532519,0.865906,2912.6,9.37594,36.546483,0.381324
Parooldriehoek,BU03632702,0.406414,1,0.62724,0.3542,0.93081,4236.5,12.228632,36.088487,0.478557
Oosterparkbuurt Zuidoost,BU03632802,0.535832,2,0.659498,0.654289,0.948413,1856.0,12.978182,35.957892,0.398109
Oosterparkbuurt Zuidwest,BU03632803,0.482161,1,0.688172,0.480212,0.925964,2124.7,11.52,37.674873,0.38007
Dapperbuurt Zuid,BU03632901,0.584342,4,0.896057,0.536145,0.942693,2548.0,11.322102,36.685699,0.321942
Noordwestkwadrant Indische buurt Zuid,BU03633101,0.547537,2,0.749104,0.584631,0.929785,,,37.614216,0.372696
Concertgebouwbuurt,BU03634702,0.574642,3,0.494624,0.864326,0.84469,1226.9,11.82197,37.338216,0.309678
Cornelis Schuytbuurt,BU03634703,0.591909,4,0.508961,0.884583,0.827542,2089.0,14.338279,36.207825,0.396121
Minervabuurt Noord,BU03634903,0.533074,2,0.344086,0.914562,0.851926,3398.9,13.92967,36.413524,0.460844
Minervabuurt Midden,BU03634904,0.60026,4,0.523297,0.900711,0.846719,2453.3,13.141337,37.907334,0.385843
Strandeiland,BU03635000,,,0.240143,0.703803,,,,34.462332,0.063899
Middeneiland Zuidoost,BU03635001,,,0.240143,0.703803,,,,33.624094,0.065557
Middeneiland Zuidwest,BU03635003,,,0.37276,0.703803,,,,34.328701,0.102125
Buiteneiland,BU03635005,,,0.240143,0.703803,,,,23.038421,0.719522
Scheldebuurt West,BU03635201,0.614056,4,0.659498,0.813006,0.874728,2636.4,13.921227,36.701685,0.397468
Scheldebuurt Midden,BU03635202,0.610514,4,0.612903,0.855696,0.88463,2646.0,13.604839,36.384175,0.409637
Scheldebuurt Oost,BU03635203,0.621987,5,0.673835,0.829952,0.897642,3272.0,12.63017,36.616468,0.423863
Veluwebuurt,BU03635206,0.492749,1,0.551971,0.62224,0.884678,4408.2,11.87218,36.283901,0.543168
IJselbuurt West,BU03635300,0.475818,1,0.480287,0.653845,0.889172,3144.9,12.964194,36.197593,0.442243
Rijnbuurt West,BU03635403,0.468192,1,0.688172,0.424034,0.883454,2493.7,10.92973,37.222246,0.408564
Bloemenbuurt Zuid,BU03636001,0.504714,1,0.734767,0.434497,0.814957,3772.7,11.822712,35.818048,0.498096
Tuindorp Nieuwendam West,BU03636200,0.664876,5,0.806452,0.711705,0.711935,3271.9,8.009009,35.177064,0.411602
Tuindorp Nieuwendam Oost,BU03636201,0.63357,5,0.777778,0.655228,0.698162,2904.5,10.637728,33.655038,0.478547
Blauwe Zand,BU03636300,0.650571,5,0.853047,0.630799,0.714837,2537.2,8.107143,36.975365,0.332583
Buiksloterdijk West,BU03636400,0.511833,1,0.315412,0.855064,0.78179,2154.1,14.056818,33.74744,0.595632
Buiksloterdijk Oost,BU03636401,0.54025,2,0.358423,0.872431,0.760459,1489.8,7.615385,33.377334,0.541581
Twiske West,BU03636603,0.684753,5,0.659498,0.856279,0.607792,1128.3,9.292162,35.056179,0.446079
Molenwijk,BU03636605,0.619771,5,0.896057,0.464,0.62126,5745.2,13.399344,33.553879,0.630069
Circus/Kermisbuurt,BU03636606,0.669562,5,0.716846,0.757914,0.601712,3521.2,10.106786,35.134265,0.472125
Kadoelen,BU03636700,0.714311,5,0.731183,0.867754,0.626316,1006.5,11.027403,32.929983,0.591501
Twiske Oost,BU03636701,0.645219,5,0.62724,0.770418,0.569219,2040.0,10.114058,35.225346,0.463257
Baanakkerspark Noord,BU03636800,0.584564,4,0.508961,0.768823,0.632747,,,31.66971,0.721849
Baanakkerspark Zuid,BU03636801,0.529973,2,0.37276,0.789569,0.674792,,,30.425471,0.762051
Werengouw Midden,BU03636802,0.571822,3,0.749104,0.520118,0.679335,3630.1,11.474456,34.856053,0.483356
Markengouw Midden,BU03636803,0.567409,3,0.688172,0.55055,0.640401,2588.3,13.297078,35.656848,0.486505
Markengouw Zuid,BU03636804,0.521585,2,0.612903,0.516718,0.651317,3187.5,12.494753,34.335227,0.538439
Werengouw Zuid,BU03636805,0.52073,2,0.598566,0.546574,0.686628,3616.0,12.743351,32.53896,0.573859
Rode Kruisbuurt,BU03636900,0.610731,4,0.62724,0.758946,0.718717,3306.8,11.052036,36.678901,0.48536
Loenermark,BU03636902,0.625068,5,0.83871,0.579287,0.710655,2390.7,10.837802,35.737133,0.43365
Buikslotermeerplein,BU03636909,0.619808,5,0.867384,0.521777,0.679279,2298.9,12.698936,37.661709,0.313391
Plan van Gool,BU03636910,0.487931,1,0.569892,0.504703,0.709535,5113.0,16.080539,33.736613,0.663375
De Kleine Wereld,BU03636911,0.540872,2,0.792115,0.391463,0.662795,3016.3,13.55597,35.399875,0.541721
Buikslotermeer Noord,BU03636912,0.5585,3,0.612903,0.603058,0.639425,3149.7,12.900975,33.352641,0.604057
Banne Zuidwest,BU03637000,0.640429,5,1.0,0.482145,0.762146,2839.8,12.040806,34.674111,0.514981
Banne Zuidoost,BU03637001,0.620803,5,0.83871,0.586181,0.745766,3181.4,11.32073,36.021399,0.47932
Banne Noordwest,BU03637002,0.55113,3,0.763441,0.462802,0.696835,4535.2,13.677652,33.35419,0.594021
Banne Noordoost,BU03637003,0.557888,3,0.688172,0.538584,0.664075,3562.6,11.905757,33.585513,0.563758
Marjoleinterrein,BU03637005,0.568597,3,0.641577,0.664584,0.769336,3365.7,10.641593,36.500565,0.500608
Schellingwoude Noord,BU03637302,,,0.390681,0.703803,,1299.8,10.067532,31.112698,0.66534
Zwarte Gouw,BU03637304,0.514964,2,0.508961,0.525797,0.494697,115.2,7.5,29.591671,0.710662
Ransdorp,BU03637305,0.753459,5,0.62724,0.935202,0.357588,66.9,8.931818,27.961121,0.559571
Holysloot,BU03637306,0.796468,5,0.598566,0.892605,0.0,9.7,7.552632,27.953395,0.660892
Zunderdorp,BU03637307,0.698958,5,0.612903,0.842205,0.415426,30.3,10.688482,29.92757,0.69905
Noorderstrook West,BU03637308,0.594253,4,0.551971,0.694082,0.52084,838.1,16.787342,31.4268,0.667987
Noorderstrook Oost,BU03637309,,,0.179211,0.703803,,1255.9,13.97822,33.080597,0.630225
Nintemanterrein,BU03637400,0.568934,3,0.46595,0.841536,0.770304,3769.7,9.147059,34.907466,0.554105
Elzenhagen Zuid,BU03637401,0.414355,1,0.612903,0.280304,0.714638,3412.9,10.239482,36.785068,0.341133
Elzenhagen Noord,BU03637402,0.741218,5,0.806452,0.864879,0.63657,3784.4,9.593769,35.302359,0.432844
Buurt 5 Zuid,BU03637705,0.551569,3,0.896057,0.409089,0.852449,,,36.793535,0.390585
Belgi��plein e.o.,BU03638806,0.586778,4,0.62724,0.68854,0.697668,2988.5,8.51046,38.885363,0.345473
Rechte H-buurt,BU03639306,0.410491,1,0.659498,0.310908,0.888357,4810.3,14.3879,35.137207,0.554243
K-buurt Midden,BU03639405,0.547343,2,0.83871,0.384582,0.709867,,,36.338898,0.410277
