buurtnaam,buurtcode,key,hvi,hvi_tier,hi_norm,svi,cooling_access,intervention_priority,priority_class,green_desert,temp_mean,ndvi_mean,tree_density_per_km2,pct_mature,dist_koelteplek_m,HI_TOTAAL_S.0
Steigereiland Noord,BU03633500,steigereiland noord,0.4241,3,0.7353,0.1803,0.7107,0.6509,very high,False,28.5287,0.2395,963.6,12.7,5026.822,3.13
Borneo,BU03633305,borneo,0.3855,3,0.7549,0.1105,0.8033,0.6021,high,False,29.5019,0.0887,927.6,58.5,5056.6157,3.17
Westerdokseiland,BU03630500,westerdokseiland,0.5274,4,0.8137,0.4306,0.8519,0.7143,very high,True,31.3789,0.0373,556.4,29.8,1271.5441,3.29
Willibrordusbuurt,BU03632500,willibrordusbuurt,0.5219,4,0.6912,0.5895,0.9519,0.5559,medium,False,37.3255,0.2233,1597.4,17.7,2875.879,3.04
Nieuwendijk Noord,BU03630102,nieuwendijk noord,0.4918,4,0.7745,0.3947,0.8795,0.6151,high,True,38.113,0.0743,818.0,37.0,2010.5994,3.21
Het Funen,BU03630905,het funen,0.3711,2,0.6127,0.2492,0.8682,0.4384,low,False,35.633,0.3277,2003.0,33.7,4347.4257,2.88
IJselbuurt Oost,BU03635301,ijselbuurt oost,0.3885,3,0.5098,0.4215,0.9199,0.4126,low,False,35.7829,0.3094,1818.4,33.9,3080.0928,2.67
Houthavens Oost,BU03631201,houthavens oost,0.4286,3,0.549,0.4378,0.8309,0.6482,very high,False,25.7825,-0.0544,11.7,66.7,771.9697,2.75
Bedrijvengebied Veelaan,BU03633308,bedrijvengebied veelaan,0.3955,3,0.5098,0.396,0.8342,0.4815,low,False,38.3286,0.2441,1913.3,52.0,4706.4854,2.67
Oostelijke Handelskade,BU03633300,oostelijke handelskade,0.4606,3,0.8137,0.2108,0.7461,0.689,very high,False,32.0169,0.098,371.9,30.1,3190.6762,3.29
Sporenburg,BU03633304,sporenburg,0.3381,2,0.7353,0.0143,0.8085,0.5886,high,False,27.6288,0.0288,820.4,48.8,4989.079,3.13
Nieuwendammerdijk Zuid,BU03636404,nieuwendammerdijk zuid,,,0.4069,0.4179,,,,False,28.6865,0.7346,2258.5,61.3,4352.5116,2.46
Van Brakelkwartier,BU03637503,van brakelkwartier,0.4601,3,0.6127,0.4885,0.9019,0.5793,high,False,37.6184,0.3315,914.7,59.2,1622.2624,2.88
De Wester Quartier,BU03637502,de wester quartier,0.499,4,0.6912,0.5025,0.8922,0.5807,high,False,38.4805,0.3528,1753.7,45.6,1776.9282,3.04
Filips van Almondekwartier,BU03637501,filips van almondekwartier,0.4354,3,0.652,0.4036,0.9342,0.4716,low,False,38.6147,0.2883,1375.1,22.6,1685.3549,2.96
Bedrijventerrein Nieuwendammerdijk,BU03637202,bedrijventerrein nieuwendammerdijk,0.3292,2,0.4069,0.2923,0.7526,0.5378,medium,False,29.1326,0.0743,579.2,63.8,4743.0528,2.46
Legmeerpleinbuurt,BU03634404,legmeerpleinbuurt,0.3525,2,0.5098,0.2968,0.8506,0.4278,low,False,36.9731,0.335,1944.8,38.8,870.7957,2.67
Amstelkwartier West,BU03635809,amstelkwartier west,0.3426,2,0.4069,0.3405,0.7819,0.3421,very low,False,34.5596,0.3726,3564.4,39.3,3571.998,2.46
Schinkelbuurt Noord,BU03634500,schinkelbuurt noord,0.3269,2,0.4265,0.3231,0.8647,0.4309,low,False,37.0725,0.3327,1286.6,86.3,711.1758,2.5
Lastage,BU03630403,lastage,0.447,3,0.6127,0.4442,0.8789,0.55,medium,False,34.7465,0.2376,1517.9,48.3,2548.4087,2.88
Rietlanden,BU03633301,rietlanden,0.4558,3,0.7549,0.2995,0.8301,0.6252,very high,False,34.852,0.2016,871.7,80.0,4189.5365,3.17
Planciusbuurt Noord,BU03630505,planciusbuurt noord,0.5564,4,0.8578,0.4937,0.921,0.5418,medium,False,34.3225,0.1698,2233.8,3.7,603.6534,3.38
Papaverweg e.o.,BU03637102,papaverweg,0.3137,2,0.652,0.0616,0.8587,0.5026,medium,False,37.9044,0.2073,1215.1,17.5,1871.4198,2.96
K-buurt Zuidwest,BU03639407,k buurt zuidwest,0.5795,5,0.7549,0.5738,0.7599,0.6627,very high,False,36.8775,0.4759,3008.4,30.2,1013.4439,3.17
Buiksloterham,BU03637106,buiksloterham,0.3896,3,0.6912,0.2259,0.8858,0.5282,medium,False,32.346,0.0283,472.1,6.8,1386.7318,3.04
Bedrijventerrein Hamerstraat,BU03637200,bedrijventerrein hamerstraat,0.381,3,0.5686,0.3219,0.8759,0.5251,medium,False,35.9287,0.0116,434.5,18.9,3265.8928,2.79
Laan van Spartaan,BU03633901,laan van spartaan,0.6053,5,1.0,0.4657,0.9048,0.6062,high,False,38.7238,0.3127,1731.3,8.0,1123.4899,3.67
Rijnbuurt Oost,BU03635401,rijnbuurt oost,0.3002,2,0.3431,0.3562,0.8979,0.2353,very low,False,34.5177,0.4196,3121.0,56.1,3363.5374,2.33
Noordwestkwadrant Indische buurt Noord,BU03633100,noordwestkwadrant indische buurt noord,0.4807,4,0.7353,0.4267,0.9205,0.513,medium,False,36.7543,0.3257,1839.6,50.9,4813.3481,3.13
Westhaven Zuid,BU03631007,westhaven zuid,0.4241,3,0.5098,0.4179,0.7351,0.6691,very high,False,38.9233,0.1664,11.14,0.0,1566.1246,2.67
Bedrijvengebied Zeeburgerkade,BU03633310,bedrijvengebied zeeburgerkade,0.3884,3,0.4902,0.411,0.8605,0.4993,medium,False,34.5856,0.1906,1305.5,62.3,5042.0114,2.63
Kromme Mijdrechtbuurt,BU03635400,kromme mijdrechtbuurt,0.4136,3,0.4657,0.5225,0.9083,0.4082,low,False,37.3251,0.2879,2352.5,36.6,3196.9589,2.58
Nieuw Sloten Zuidoost,BU03638808,nieuw sloten zuidoost,0.3359,2,0.5294,0.1938,0.767,0.3485,very low,False,36.2754,0.4215,3852.9,23.9,1278.0282,2.71
Oostenburg,BU03630903,oostenburg,0.4855,4,0.6127,0.5216,0.8411,0.6203,high,False,35.6424,0.2202,1833.9,39.9,3939.3395,2.88
Orteliusbuurt Zuid,BU03634203,orteliusbuurt zuid,0.438,3,0.5931,0.4713,0.9387,0.4457,low,False,37.125,0.4111,1947.9,46.0,1126.5916,2.84
Lootsbuurt,BU03631902,lootsbuurt,0.4207,3,0.5294,0.4767,0.9089,0.4882,medium,False,37.6371,0.295,1409.3,30.5,1525.1817,2.71
Reguliersbuurt,BU03630305,reguliersbuurt,0.4062,3,0.5686,0.3791,0.8646,0.5611,high,False,38.3709,0.104,615.3,17.9,2784.9342,2.79
Marathonbuurt Oost,BU03634801,marathonbuurt oost,0.5357,4,0.7108,0.5696,0.8824,0.5653,high,False,38.3086,0.4467,2600.8,51.0,159.1002,3.08
Banpleinbuurt,BU03634704,banpleinbuurt,0.369,2,0.5294,0.344,0.9016,0.4019,low,False,37.0773,0.3704,1610.8,39.2,856.3578,2.71
Noorder IJplas,BU03636604,noorder ijplas,0.4293,3,0.549,0.3338,0.6192,0.6574,very high,False,27.9245,0.3129,313.3,0.2,3633.1675,2.75
Spuistraat Noord,BU03630103,spuistraat noord,0.5277,4,0.8333,0.4281,0.8846,0.6177,high,False,36.6496,0.1768,1496.9,52.9,1995.5827,3.33
Meer en Oever,BU03638101,meer en oever,0.5978,5,0.8971,0.5335,0.8718,0.6117,high,False,36.4532,0.4032,2650.4,34.1,138.6503,3.46
Aalsmeerwegbuurt West,BU03634402,aalsmeerwegbuurt west,0.3023,2,0.4069,0.2575,0.8171,0.3406,very low,False,36.597,0.3851,2631.8,29.6,1086.1414,2.46
Bertelmanpleinbuurt,BU03634800,bertelmanpleinbuurt,0.4774,4,0.4902,0.6432,0.8799,0.5061,medium,False,35.6376,0.4532,2316.8,55.1,277.7682,2.63
Scheepvaarthuisbuurt,BU03630401,scheepvaarthuisbuurt,0.2944,2,0.3235,0.3442,0.8632,0.4192,low,False,31.9363,0.1461,1269.4,35.0,2651.1129,2.29
Groenmarktkadebuurt,BU03630608,groenmarktkadebuurt,0.3317,2,0.5294,0.2672,0.9346,0.312,very low,False,36.283,0.2428,1942.1,53.1,2375.9761,2.71
Don Bosco,BU03635503,don bosco,0.2576,1,0.3676,0.2369,0.9209,0.1941,very low,False,36.2169,0.4162,2658.4,40.0,4306.1521,2.38
Grunder/Koningshoef,BU03639408,grunder koningshoef,0.5385,4,0.7353,0.4713,0.7205,0.6663,very high,False,36.607,0.3081,2338.3,43.3,833.8548,3.13
Overhoeks,BU03637107,overhoeks,0.4566,3,0.8971,0.1781,0.8671,0.5978,high,False,31.1721,0.0696,600.1,7.8,1539.6911,3.46
Swammerdambuurt,BU03632700,swammerdambuurt,0.3379,2,0.549,0.2682,0.9452,0.3237,very low,False,36.3764,0.2186,1703.0,49.2,3165.8411,2.75
Passeerdersgrachtbuurt,BU03630607,passeerdersgrachtbuurt,0.4113,3,0.4265,0.5516,0.8997,0.4934,medium,False,36.8279,0.3338,1459.6,37.5,2306.8646,2.5
Alexanderplein e.o.,BU03630804,alexanderplein,0.2533,1,0.2843,0.2915,0.8852,0.2652,very low,False,34.2375,0.4304,2425.5,44.9,4122.0509,2.21
Hemonybuurt,BU03632400,hemonybuurt,0.3696,2,0.5686,0.3243,0.9379,0.3974,low,False,36.4358,0.2848,1364.3,58.1,2814.0301,2.79
Rembrandtpleinbuurt,BU03630304,rembrandtpleinbuurt,0.4172,3,0.5686,0.4061,0.8634,0.5488,medium,False,36.2907,0.208,1210.6,54.8,3004.9506,2.79
Columbusplein e.o.,BU03634201,columbusplein,0.5702,4,0.8137,0.5759,0.9282,0.5768,high,False,38.8285,0.3473,2147.4,32.7,1403.4593,3.29
Valeriusbuurt West,BU03634601,valeriusbuurt west,0.3198,2,0.4657,0.2703,0.873,0.3509,very low,False,36.9238,0.3877,2119.5,38.5,227.6763,2.58
Leidsegracht Zuid,BU03630306,leidsegracht zuid,0.3118,2,0.348,0.3708,0.8785,0.3941,low,False,35.8295,0.3035,1471.2,66.3,2470.9308,2.34
Zeeburgerdijk Oost,BU03633202,zeeburgerdijk oost,0.1914,1,0.1225,0.2627,0.8137,0.2443,very low,False,29.7177,0.4531,3702.0,61.1,5353.1105,1.88
Bellamybuurt Noord,BU03631800,bellamybuurt noord,0.4577,3,0.6716,0.4314,0.9173,0.4702,low,False,37.0518,0.3523,2188.2,26.1,2202.9588,3.0
Vondelpark West,BU03634603,vondelpark west,,,0.0,0.4179,,,,False,31.4345,0.7346,7446.752,45.4,757.4546,1.63
Balboaplein e.o.,BU03634200,balboaplein,0.6023,5,1.0,0.4854,0.9592,0.5169,medium,False,39.8564,0.2852,2222.5,16.9,1409.1592,3.67
G-buurt Oost,BU03639409,g buurt oost,0.6483,5,0.7353,0.6869,0.603,0.6809,very high,False,32.0838,0.6385,4332.4,48.8,1156.9588,3.13
Marnixbuurt Noord,BU03630603,marnixbuurt noord,0.4974,4,0.652,0.5648,0.9464,0.5469,medium,False,35.2126,0.3103,1469.7,49.1,1167.356,2.96
Kolenkitbuurt Zuid,BU03633902,kolenkitbuurt zuid,0.5646,4,0.8137,0.5444,0.8934,0.573,high,False,37.5132,0.3445,2491.5,13.8,1397.2725,3.29
De Klenckebuurt,BU03639100,de klenckebuurt,0.3586,2,0.2647,0.5705,0.8776,0.3792,very low,False,35.7586,0.4325,3086.7,32.6,2257.673,2.17
Transvaalbuurt Oost,BU03633001,transvaalbuurt oost,0.484,4,0.6324,0.5531,0.9509,0.4331,low,False,36.5105,0.3677,2677.0,41.0,4169.8563,2.92
Weteringbuurt,BU03630704,weteringbuurt,0.4029,3,0.6127,0.3501,0.9112,0.4628,low,False,37.3918,0.2849,1343.9,39.3,2331.5429,2.88
Marathonbuurt West,BU03634802,marathonbuurt west,0.6151,5,0.7745,0.7061,0.8857,0.6463,very high,False,37.2086,0.4029,2252.9,47.6,355.0486,3.21
Frederikspleinbuurt,BU03630707,frederikspleinbuurt,0.3707,2,0.4902,0.3888,0.9047,0.3271,very low,False,35.661,0.3615,2468.1,55.3,2758.8011,2.63
Frans Halsbuurt,BU03632402,frans halsbuurt,0.4306,3,0.6324,0.4205,0.9525,0.3883,very low,False,36.6168,0.3508,2347.7,56.5,1925.1902,2.92
Spuistraat Zuid,BU03630105,spuistraat zuid,0.5686,4,0.9167,0.4431,0.8764,0.6116,high,False,36.4973,0.2132,2054.6,37.7,2385.434,3.5
Duivelseiland,BU03634709,duivelseiland,0.2882,2,0.4069,0.2941,0.9612,0.2452,very low,False,38.3218,0.2921,1899.4,47.9,1525.191,2.46
Leidsegracht Noord,BU03630203,leidsegracht noord,0.364,2,0.4706,0.3821,0.8856,0.4231,low,False,35.0972,0.3622,1505.7,73.1,2494.7351,2.59
Spaarndammerbuurt Zuidoost,BU03631302,spaarndammerbuurt zuidoost,0.4084,3,0.4706,0.522,0.9433,0.3509,very low,False,35.8537,0.3865,2555.8,50.3,455.8295,2.59
Van Tuyllbuurt,BU03634805,van tuyllbuurt,0.3708,2,0.5294,0.3332,0.8713,0.3402,very low,False,36.9905,0.4206,3027.0,45.7,589.0417,2.71
Leidsebuurt Noordwest,BU03630700,leidsebuurt noordwest,0.2431,1,0.1814,0.371,0.8891,0.3786,very low,False,37.1511,0.1595,1227.3,40.0,2180.5305,2.0
Zuiderkerkbuurt,BU03630407,zuiderkerkbuurt,0.4042,3,0.3039,0.6417,0.8699,0.5214,medium,False,36.4,0.264,1713.5,67.9,2792.1983,2.25
Van Loonbuurt,BU03630302,van loonbuurt,0.3557,2,0.4657,0.3708,0.8945,0.4198,low,False,35.892,0.3572,1271.4,67.2,2560.181,2.58
Fannius Scholtenbuurt,BU03631403,fannius scholtenbuurt,0.4695,3,0.6716,0.4722,0.9401,0.4936,medium,False,38.3712,0.3078,1693.1,22.3,970.0777,3.0
Erasmusparkbuurt West,BU03633802,erasmusparkbuurt west,0.3272,2,0.4657,0.3253,0.9459,0.1607,very low,False,34.9975,0.5627,4240.2,55.8,1766.524,2.58
Johannnes Vermeerbuurt,BU03634700,johannnes vermeerbuurt,0.372,2,0.5686,0.3331,0.9436,0.2971,very low,False,37.421,0.3047,2515.6,34.1,1592.0343,2.79
Buyskade e.o.,BU03631405,buyskade,0.4262,3,0.7108,0.3257,0.9419,0.3817,very low,False,37.9583,0.3435,2198.7,33.1,1511.0864,3.08
Minervabuurt Zuid,BU03634905,minervabuurt zuid,0.3371,2,0.4902,0.2891,0.8732,0.3111,very low,False,37.0946,0.4093,2850.3,44.3,754.1904,2.63
Kelbergen,BU03639404,kelbergen,0.5246,4,0.6324,0.5572,0.7561,0.5738,high,False,35.4146,0.5734,4237.7,41.2,933.7541,2.92
Zaagpoortbuurt,BU03630604,zaagpoortbuurt,0.5201,4,0.6716,0.6055,0.9536,0.5222,medium,False,36.1409,0.2919,2004.1,65.8,1732.5098,3.0
Eendrachtspark,BU03637804,eendrachtspark,0.4264,3,0.2843,0.7072,0.8512,0.4132,low,False,32.6292,0.728,5287.2,59.5,705.8774,2.21
Bedrijventerrein Landlust,BU03633700,bedrijventerrein landlust,0.2861,2,0.3676,0.2865,0.8777,0.3918,very low,False,38.5744,0.2404,1027.8,34.0,1661.8742,2.38
Zamenhofstraat e.o.,BU03637201,zamenhofstraat,0.4881,4,0.4902,0.6308,0.8014,0.7164,very high,True,32.3949,0.216,289.7,47.8,3981.7599,2.63
Burgwallen Oost,BU03630002,burgwallen oost,0.4055,3,0.4461,0.5108,0.8865,0.491,medium,False,36.8319,0.2414,1531.1,53.2,2464.403,2.54
Kazernebuurt,BU03630907,kazernebuurt,0.4784,4,0.5686,0.5701,0.8854,0.5367,medium,False,35.0304,0.4108,2163.7,59.4,4181.0999,2.79
Ecowijk,BU03631500,ecowijk,0.3401,2,0.5686,0.2318,0.9003,0.2513,very low,False,37.0615,0.4498,3674.4,38.0,1133.1625,2.79
De Bongerd,BU03636503,de bongerd,0.3536,2,0.7108,0.0687,0.7907,0.5358,medium,False,36.8223,0.2847,1695.3,0.0,2396.1383,3.08
Van der Pekbuurt,BU03636000,van der pekbuurt,0.5669,4,0.7353,0.6464,0.929,0.5102,medium,False,35.1907,0.395,2993.1,36.3,2096.9701,3.13
Bellamybuurt Zuid,BU03631801,bellamybuurt zuid,0.4797,4,0.7745,0.391,0.9326,0.5273,medium,True,38.9065,0.28,1165.8,23.6,1893.6367,3.21
Postjeskade e.o.,BU03634301,postjeskade,0.3487,2,0.4902,0.321,0.8792,0.3768,very low,False,35.4289,0.4514,2010.3,55.2,1194.6573,2.63
De Aker West,BU03638401,de aker west,0.5343,4,0.8971,0.2887,0.6999,0.607,high,False,36.2051,0.4639,2467.2,12.1,1404.0062,3.46
Osdorp Midden Noord,BU03638200,osdorp midden noord,0.7243,5,0.9363,0.7895,0.8301,0.7281,very high,False,36.5645,0.3967,2644.2,37.7,327.489,3.54
Entrepot-Noordwest,BU03633306,entrepot noordwest,0.4766,4,0.6716,0.4443,0.8488,0.5623,high,False,35.4414,0.3044,2253.4,46.7,4525.066,3.0
Overtoomse Veld Zuid,BU03638601,overtoomse veld zuid,0.5519,4,0.8971,0.4189,0.8725,0.5253,medium,False,37.8048,0.3477,3044.5,22.6,377.5584,3.46
Oosterparkbuurt Noordwest,BU03632800,oosterparkbuurt noordwest,0.5171,4,0.7108,0.5458,0.9275,0.5583,high,False,37.5588,0.3013,1832.8,52.7,3548.7616,3.08
Vivaldi,BU03632304,vivaldi,0.4186,3,0.549,0.4274,0.8598,0.5272,medium,False,38.715,0.2583,1786.7,15.3,2004.0684,2.75
De Eenhoorn,BU03635501,de eenhoorn,0.3996,3,0.5294,0.4196,0.9001,0.3467,very low,False,37.1019,0.3433,3119.1,36.8,3893.2937,2.71
Gein Zuidwest,BU03639701,gein zuidwest,0.5495,4,0.6324,0.6218,0.761,0.5968,high,False,36.2514,0.4912,3838.0,39.4,2980.3661,2.92
Westerstaatsman,BU03631404,westerstaatsman,0.3342,2,0.4461,0.3581,0.9374,0.2168,very low,False,38.221,0.3635,3063.5,40.4,1165.335,2.54
Prinses Irenebuurt,BU03635900,prinses irenebuurt,0.3498,2,0.4461,0.3435,0.83,0.3901,very low,False,36.1237,0.4969,2412.9,55.2,952.0599,2.54
Driehoekbuurt,BU03630600,driehoekbuurt,0.4087,3,0.4902,0.4964,0.9298,0.4738,low,False,37.7207,0.2901,1168.7,50.0,1181.8967,2.63
Cremerbuurt West,BU03632100,cremerbuurt west,0.4296,3,0.7108,0.2998,0.8732,0.4956,medium,False,37.9616,0.3137,1888.6,46.0,1222.2832,3.08
Transvaalbuurt West,BU03633000,transvaalbuurt west,0.6206,5,0.8971,0.6187,0.9286,0.515,medium,False,36.7529,0.3776,3584.1,16.0,3731.7042,3.46
De Punt,BU03638300,de punt,0.6461,5,0.9804,0.5361,0.8027,0.6778,very high,False,37.84,0.4429,2814.5,34.6,519.7337,3.63
Gaasperdam Noord,BU03639603,gaasperdam noord,0.5228,4,0.652,0.5863,0.8627,0.5656,high,False,36.2581,0.4812,2849.5,44.9,2438.597,2.96
Bedrijvengebied Cruquiusweg,BU03633309,bedrijvengebied cruquiusweg,0.3475,2,0.549,0.2001,0.7609,0.5787,high,False,29.7725,0.0507,318.8,8.1,5500.5531,2.75
Buitenveldert Oost Midden,BU03639101,buitenveldert oost midden,0.4957,4,0.5098,0.673,0.8872,0.4423,low,False,34.6338,0.5291,3540.2,52.7,2517.4907,2.67
Spaarndammerbuurt Noordwest,BU03631305,spaarndammerbuurt noordwest,0.4937,4,0.6716,0.5093,0.8931,0.4894,medium,False,36.6499,0.4407,2867.9,37.4,502.8182,3.0
Overtoomse Veld Noord,BU03638600,overtoomse veld noord,0.6057,5,0.9363,0.5176,0.8796,0.6153,high,False,37.6969,0.3606,2375.2,13.8,331.4758,3.54
Jacob Geelbuurt,BU03638502,jacob geelbuurt,0.5954,5,0.7745,0.6443,0.8607,0.6146,high,False,36.6171,0.4631,3047.9,37.7,498.0634,3.21
Overamstel,BU03635805,overamstel,0.4156,3,0.3873,0.4179,0.5324,0.6367,very high,False,30.7657,0.6739,204.5,54.9,3575.0248,2.42
Buurt 10,BU03637901,buurt 10,0.4183,3,0.6127,0.3443,0.8225,0.3967,low,False,35.7706,0.4773,4314.5,31.4,871.4623,2.88
Zuiderhof,BU03639009,zuiderhof,0.4481,3,0.5294,0.4779,0.7741,0.652,very high,False,36.1314,0.4045,1078.0,52.7,1563.2285,2.71
De Omval,BU03635807,de omval,0.3362,2,0.4461,0.3177,0.8468,0.4268,low,False,33.5023,0.262,1675.9,59.3,3683.4471,2.54
Hondecoeterbuurt,BU03634705,hondecoeterbuurt,0.3595,2,0.5294,0.3397,0.9409,0.3041,very low,False,37.8604,0.3399,2205.5,42.1,1184.7086,2.71
Frederik Hendrikbuurt Noord,BU03631600,frederik hendrikbuurt noord,0.3921,3,0.5098,0.4509,0.9612,0.3205,very low,False,36.3529,0.3761,2490.4,49.1,1458.1083,2.67
Kop Zuidas,BU03635207,kop zuidas,0.1854,1,0.3431,0.0541,0.8674,0.2638,very low,False,36.3234,0.3236,2367.0,40.1,2487.2296,2.33
Nes e.o.,BU03630003,nes,0.4441,3,0.7108,0.3303,0.8617,0.5566,high,False,38.417,0.1479,1454.0,28.6,2501.1084,3.08
Buurt 8,BU03637802,buurt 8,0.613,5,0.9167,0.5816,0.9313,0.5262,medium,False,36.9062,0.4145,3053.4,34.3,104.6578,3.5
Bretten Oost,BU03631107,bretten oost,,,0.4069,0.4179,,,,False,33.2408,0.6765,2883.5,28.6,889.3315,2.46
Da Costabuurt Zuid,BU03631900,da costabuurt zuid,0.4137,3,0.5882,0.4124,0.9328,0.4296,low,False,37.0028,0.3106,1605.4,58.5,2057.737,2.83
Cornelis Troostbuurt,BU03632503,cornelis troostbuurt,0.4174,3,0.5686,0.4443,0.9389,0.3976,low,False,37.207,0.3599,2204.1,42.6,1763.1453,2.79
Westlandgrachtbuurt,BU03634401,westlandgrachtbuurt,0.3883,3,0.5882,0.3001,0.8352,0.4336,low,False,34.9792,0.3496,2493.8,41.2,1149.234,2.83
Bloemenbuurt Noord,BU03636002,bloemenbuurt noord,0.5115,4,0.7549,0.485,0.9225,0.4346,low,False,35.955,0.4625,3355.6,39.9,2629.2195,3.17
Gelderlandpleinbuurt,BU03639000,gelderlandpleinbuurt,0.5608,4,0.7941,0.5499,0.8843,0.5494,medium,False,36.718,0.4402,3032.3,39.8,2089.925,3.25
BG-terrein e.o.,BU03630004,bg terrein,0.3657,2,0.3235,0.5239,0.8664,0.536,medium,False,37.4097,0.2102,1015.7,57.3,2686.3348,2.29
Osdorper Binnenpolder,BU03637900,osdorper binnenpolder,0.3617,2,0.3873,0.3687,0.7036,0.4519,low,False,31.7717,0.6732,2406.2,38.0,1745.3935,2.42
Buurt 2,BU03637601,buurt 2,0.6116,5,0.8382,0.6381,0.8946,0.5879,high,False,35.3193,0.4683,2890.1,50.4,626.9201,3.34
Da Costabuurt Noord,BU03631700,da costabuurt noord,0.3835,3,0.5294,0.4013,0.9439,0.3568,very low,False,37.3539,0.3443,1899.1,57.4,2360.1036,2.71
Zuidwestkwadrant Osdorp Noord,BU03638202,zuidwestkwadrant osdorp noord,0.6189,5,0.8333,0.6379,0.8478,0.6601,very high,False,37.7037,0.4505,2835.6,29.7,328.191,3.33
Oosterdokseiland,BU03630400,oosterdokseiland,0.3836,3,0.6324,0.2867,0.9203,0.4871,medium,False,31.4647,0.0439,201.7,24.5,2506.8108,2.92
Stationsplein e.o.,BU03630100,stationsplein,,,0.3039,0.4179,,,,False,33.2726,-0.05,80.6,23.8,1960.3999,2.25
Haveneiland Zuidwest/Rieteiland West,BU03633502,haveneiland zuidwest rieteiland west,0.4114,3,0.8971,0.0,0.7371,0.6492,very high,False,32.5731,0.3967,1250.6,36.1,4254.8033,3.46
Staalmanbuurt,BU03638902,staalmanbuurt,0.5611,4,0.7353,0.5587,0.7825,0.6801,very high,False,37.2473,0.3823,2368.2,50.5,771.0826,3.13
Buurt 4 Oost,BU03637702,buurt 4 oost,0.5476,4,0.7549,0.5691,0.9099,0.5026,medium,False,35.7464,0.472,3168.0,34.5,381.6668,3.17
Frederik Hendrikbuurt Zuidoost,BU03631601,frederik hendrikbuurt zuidoost,0.5331,4,0.8137,0.491,0.944,0.559,high,False,38.047,0.2965,1508.0,48.4,1964.8594,3.29
Museumplein,BU03634707,museumplein,,,0.5294,0.4179,,,,False,36.6107,0.3031,2199.1,34.6,1673.218,2.71
Oude Kerk e.o.,BU03630001,oude kerk,0.4203,3,0.5294,0.4609,0.8793,0.5611,high,False,38.7179,0.1456,734.3,30.9,2280.8855,2.71
Czaar Peterbuurt,BU03630904,czaar peterbuurt,0.4526,3,0.549,0.5083,0.8518,0.5194,medium,False,36.5191,0.3142,2461.3,42.3,4177.5895,2.75
Hercules Seghersbuurt,BU03632403,hercules seghersbuurt,0.5312,4,0.8137,0.491,0.9534,0.5404,medium,False,37.8123,0.261,1620.4,43.1,1795.1391,3.29
Dorp Sloten,BU03638809,dorp sloten,0.3535,2,0.549,0.2339,0.7986,0.4587,low,False,34.6127,0.5902,2064.2,30.3,1854.0006,2.75
Lucas/Andreasziekenhuis e.o.,BU03638605,lucas andreasziekenhuis,0.414,3,0.652,0.3456,0.9253,0.4838,low,False,38.9387,0.3312,1000.3,42.2,776.8176,2.96
Helmersbuurt Oost,BU03632000,helmersbuurt oost,0.2834,2,0.4069,0.2695,0.9356,0.2791,very low,False,37.6509,0.3046,1625.8,76.0,1918.023,2.46
Buiksloterbreek,BU03637004,buiksloterbreek,0.2979,2,0.4902,0.1671,0.825,0.3867,very low,False,34.2863,0.5697,2124.8,55.2,2244.0915,2.63
Kortvoort,BU03639403,kortvoort,0.7637,5,0.8137,0.9813,0.7715,0.7296,very high,False,36.6198,0.3985,2972.2,25.6,385.8319,3.29
VU-kwartier,BU03632302,vu kwartier,0.4857,4,0.5098,0.5965,0.7841,0.686,very high,True,38.8949,0.274,1189.1,38.8,1642.4533,2.67
Zuidas Zuid,BU03632303,zuidas zuid,0.386,3,0.6324,0.2685,0.8719,0.4844,low,False,35.3274,0.2795,1485.1,59.9,1605.3351,2.92
Leliegracht e.o.,BU03630201,leliegracht,0.4084,3,0.5686,0.4025,0.9001,0.46,low,False,35.9204,0.3378,1550.4,49.8,1861.5089,2.79
Haveneiland Noordoost,BU03633505,haveneiland noordoost,0.4625,3,0.8333,0.2003,0.7549,0.5858,high,False,33.7197,0.3079,2093.0,50.8,4554.4922,3.33
Bijlmermuseum Zuid,BU03639413,bijlmermuseum zuid,0.6011,5,0.7157,0.6742,0.7743,0.6198,high,False,33.5792,0.5935,5573.8,47.1,522.9934,3.09
Tuindorp Oostzaan West,BU03636500,tuindorp oostzaan west,0.5352,4,0.5931,0.5936,0.6974,0.6291,very high,False,35.9866,0.5734,3129.1,51.2,2778.1821,2.84
Calandlaan/Lelylaan,BU03638103,calandlaan lelylaan,0.6177,5,0.7745,0.7005,0.8617,0.6151,high,False,36.3375,0.4954,3245.3,29.1,542.4586,3.21
Felix Meritisbuurt,BU03630202,felix meritisbuurt,0.3712,2,0.4902,0.3886,0.9014,0.4256,low,False,35.706,0.3193,1274.9,68.3,2292.3222,2.63
Waterloopleinbuurt,BU03630408,waterloopleinbuurt,0.4878,4,0.5931,0.5572,0.8619,0.6166,high,False,37.3879,0.2523,1720.9,56.5,3091.9573,2.84
G-buurt Noord,BU03639412,g buurt noord,0.6881,5,0.6912,0.9301,0.8021,0.6433,very high,False,34.3097,0.5104,3545.5,44.1,513.2109,3.04
Haveneiland Oost,BU03635101,haveneiland oost,0.4965,4,0.9559,0.1514,0.7322,0.627,very high,False,33.6483,0.3371,1879.1,43.8,4228.105,3.58
Haveneiland Noordwest,BU03633504,haveneiland noordwest,0.5096,4,0.7941,0.3678,0.7759,0.6163,high,False,32.8866,0.3439,2117.1,61.3,4761.7323,3.25
Westelijke eilanden,BU03630503,westelijke eilanden,0.5262,4,0.7745,0.4901,0.8983,0.6284,very high,True,34.3848,0.2821,1233.0,49.4,869.84,3.21
Bedrijvencentrum Osdorp,BU03638301,bedrijvencentrum osdorp,0.4409,3,0.4902,0.4967,0.7695,0.5587,high,False,40.4805,0.294,2194.0,75.3,478.3228,2.63
Elandsgrachtbuurt,BU03630606,elandsgrachtbuurt,0.5052,4,0.6716,0.5528,0.9227,0.6081,high,True,38.3218,0.2925,1024.2,51.6,2297.5763,3.0
Mercatorpark,BU03634103,mercatorpark,0.5095,4,0.7549,0.4993,0.9608,0.383,very low,False,37.6382,0.5045,4217.4,62.8,996.6356,3.17
Kantershof,BU03639410,kantershof,0.6148,5,0.5098,0.8522,0.6499,0.6122,high,False,33.2607,0.5511,3534.0,43.4,1435.6063,2.67
Utrechtsebuurt Zuid,BU03630706,utrechtsebuurt zuid,0.4462,3,0.6127,0.4497,0.8941,0.5013,medium,False,35.3185,0.3204,1962.2,44.4,2811.4234,2.88
Osdorp Midden Zuid,BU03638201,osdorp midden zuid,0.6031,5,0.8137,0.6185,0.849,0.6511,very high,False,35.5117,0.5648,2712.5,56.6,163.813,3.29
RI Oost terrein,BU03633405,ri oost terrein,0.4868,4,0.7108,0.3145,0.6168,0.5571,high,False,35.9273,0.3409,2743.6,0.3,5998.2365,3.08
Gaasperdam Zuid,BU03639604,gaasperdam zuid,0.6027,5,0.6912,0.7295,0.8277,0.6306,very high,False,36.8567,0.4455,3167.2,46.7,2845.6231,3.04
de Plantage,BU03630803,de plantage,0.3102,2,0.3039,0.4,0.8568,0.4317,low,False,34.7609,0.4413,1488.0,44.0,3656.9859,2.25
Andreasterrein,BU03638701,andreasterrein,0.4649,3,0.7549,0.3225,0.8301,0.5459,medium,False,34.8917,0.4091,2124.5,39.3,1184.2754,3.17
Woon- en Groengebied Sloterdijk,BU03633600,woon en groengebied sloterdijk,0.1569,1,0.2647,0.0696,0.884,0.1734,very low,False,33.7215,0.6647,3228.7,51.3,1791.3957,2.17
Bloemgrachtbuurt,BU03630602,bloemgrachtbuurt,0.4627,3,0.652,0.468,0.9264,0.5378,medium,False,36.9822,0.2967,1242.6,64.6,1900.8526,2.96
Weespertrekvaart,BU03635801,weespertrekvaart,0.4384,3,0.5294,0.4567,0.7802,0.664,very high,False,38.0164,0.2534,480.7,4.7,3033.4964,2.71
Delflandpleinbuurt Oost,BU03638702,delflandpleinbuurt oost,0.5271,4,0.6716,0.5387,0.785,0.6368,very high,False,36.1001,0.4167,2460.1,28.2,1336.4985,3.0
RAI,BU03632301,rai,,,0.3235,0.4179,,,,False,40.1691,0.2028,1181.8,63.5,2007.6942,2.29
Sloterpark,BU03637704,sloterpark,0.1723,1,0.0588,0.3426,0.9415,0.2601,very low,False,28.4281,0.4812,1533.2,54.1,774.7313,1.75
Nieuw Sloten Zuidwest,BU03638807,nieuw sloten zuidwest,0.2735,2,0.5098,0.0528,0.7577,0.3224,very low,False,36.3625,0.4364,4256.2,13.0,1707.5478,2.67
Wildeman,BU03638100,wildeman,0.7477,5,0.9804,0.8272,0.8769,0.7306,very high,False,36.8784,0.4617,2090.4,37.0,388.7813,3.63
Haarlemmerbuurt West,BU03630502,haarlemmerbuurt west,0.5008,4,0.6912,0.5318,0.9418,0.5561,high,False,38.3201,0.2507,1414.8,37.3,1059.3992,3.04
Julianapark,BU03635502,julianapark,0.3756,3,0.5882,0.2559,0.8102,0.3856,very low,False,37.4171,0.3597,3305.7,24.9,3994.726,2.83
Medisch Centrum Slotervaart,BU03638903,medisch centrum slotervaart,0.5741,4,0.549,0.7576,0.7428,0.7731,very high,False,37.8838,0.3707,1195.6,60.9,694.5618,2.75
Nelson Mandelapark,BU03639310,nelson mandelapark,,,0.0588,0.4179,,,,False,35.7459,0.5641,3464.4,24.8,830.7818,1.75
Sportpark Middenmeer Zuid,BU03635603,sportpark middenmeer zuid,0.3235,2,0.2206,0.5035,0.8306,0.3416,very low,False,36.0554,0.5591,6215.1,45.5,3505.6906,2.08
Nieuw Sloten Noordwest,BU03638804,nieuw sloten noordwest,0.3824,3,0.5686,0.2703,0.7657,0.3995,low,False,34.8668,0.4908,3715.2,31.2,1255.2875,2.79
Bijlmermuseum Noord,BU03639402,bijlmermuseum noord,0.7942,5,0.8775,1.0,0.7839,0.6925,very high,False,33.5183,0.5563,4142.1,48.6,409.2269,3.42
Tuindorp Oostzaan Oost,BU03636501,tuindorp oostzaan oost,0.571,4,0.9363,0.3844,0.7862,0.6428,very high,False,36.2698,0.4738,2124.7,42.8,2420.8668,3.54
Marnixbuurt Midden,BU03630605,marnixbuurt midden,0.4059,3,0.5931,0.3901,0.9372,0.476,low,False,37.0824,0.1713,647.6,28.6,2089.0665,2.84
Louis Chrispijnbuurt,BU03638900,louis chrispijnbuurt,0.6378,5,0.8971,0.6299,0.8648,0.6356,very high,False,36.9808,0.4675,2936.4,34.6,142.7447,3.46
Terrasdorp,BU03636502,terrasdorp,0.5835,5,0.7745,0.5819,0.7952,0.6586,very high,False,37.5051,0.453,2881.4,34.4,2258.5009,3.21
Buurt 6,BU03637800,buurt 6,0.575,4,0.7745,0.6268,0.9278,0.4802,low,False,36.5953,0.4304,3910.2,35.8,338.7431,3.21
De Aker Oost,BU03638402,de aker oost,0.5404,4,1.0,0.2345,0.7671,0.5697,high,False,36.5587,0.4299,2503.8,8.7,1331.5936,3.67
Den Texbuurt,BU03630705,den texbuurt,0.4004,3,0.549,0.4105,0.9169,0.4189,low,False,35.9122,0.387,1777.4,65.2,2227.4221,2.75
Gein Noordwest,BU03639700,gein noordwest,0.6431,5,0.7549,0.7544,0.8031,0.6707,very high,False,34.9065,0.5146,3150.5,39.0,2516.1152,3.17
Frankendael,BU03635504,frankendael,0.2062,1,0.0588,0.4179,0.9223,0.1623,very low,False,32.1722,0.6968,5829.8,51.9,4206.7102,1.75
Sloterdijk III West,BU03631103,sloterdijk iii west,0.526,4,0.4902,0.5881,0.5267,0.7539,very high,False,38.8866,0.3518,608.1,31.5,2112.8346,2.63
P.C. Hooftbuurt,BU03634701,p c hooftbuurt,0.2742,2,0.3235,0.322,0.9201,0.261,very low,False,36.7567,0.3227,,,,2.29
Jacques Veltmanbuurt,BU03638901,jacques veltmanbuurt,0.5499,4,0.7549,0.5499,0.8602,0.5991,high,False,36.4988,0.4334,2692.9,52.0,375.7034,3.17
Schipluidenbuurt,BU03638705,schipluidenbuurt,0.4319,3,0.6324,0.3788,0.8629,0.5616,high,False,37.5369,0.2302,1227.5,15.4,862.3122,2.92
Amstel III deel C/D Zuid,BU03639204,amstel iii deel c d zuid,,,0.201,0.4179,,,,False,40.2342,0.3014,766.4,22.5,2296.5022,2.04
Amstel III deel A/B Zuid,BU03639203,amstel iii deel a b zuid,0.54,4,0.6716,0.5463,0.7355,0.7621,very high,False,37.7771,0.3581,1310.4,11.8,1889.4818,3.0
Anjeliersbuurt Noord,BU03630610,anjeliersbuurt noord,0.4702,3,0.6716,0.4785,0.9491,0.4966,medium,False,37.6615,0.2893,1588.4,42.0,1401.6462,3.0
Gein Noordoost,BU03639702,gein noordoost,0.3073,2,0.4069,0.2181,0.7136,0.4712,low,False,32.6948,0.5842,1521.9,33.2,2972.0865,2.46
Sloterweg e.o.,BU03638803,sloterweg,0.3414,2,0.4461,0.2872,0.7596,0.3267,very low,False,34.1229,0.6301,4544.6,23.8,2070.531,2.54
Buurt 9,BU03637803,buurt 9,0.638,5,0.9167,0.6148,0.8729,0.6958,very high,False,36.8465,0.4265,2085.4,28.2,478.6031,3.5
Bedrijvenpark Lutkemeer,BU03638002,bedrijvenpark lutkemeer,0.4164,3,0.3676,0.466,0.5851,0.6495,very high,False,33.6136,0.5769,548.4,25.1,1679.8238,2.38
Delflandpleinbuurt West,BU03638703,delflandpleinbuurt west,0.5091,4,0.6324,0.5502,0.8195,0.6229,high,False,36.3948,0.4179,2220.4,45.6,1070.4729,2.92
Osdorp Zuidoost,BU03638104,osdorp zuidoost,0.6383,5,0.9167,0.592,0.8258,0.6918,very high,False,36.1056,0.483,2591.8,31.9,894.9624,3.5
Zuidas Noord,BU03632300,zuidas noord,0.3184,2,0.4706,0.2341,0.8174,0.4069,low,False,36.1869,0.3687,2045.3,42.0,1170.1394,2.59
NDSM terrein,BU03637105,ndsm terrein,0.4965,4,0.652,0.4655,0.7523,0.751,very high,True,31.4164,0.0367,359.8,5.6,1324.7119,2.96
Emanuel van Meterenbuurt,BU03638501,emanuel van meterenbuurt,0.4809,4,0.5931,0.5315,0.8449,0.5659,high,False,31.8929,0.5075,2422.9,50.5,737.6454,2.84
Vogelbuurt Noord,BU03636102,vogelbuurt noord,0.5101,4,0.6716,0.5302,0.8528,0.5074,medium,False,35.009,0.5148,4292.5,48.3,2957.1103,3.0
Gibraltarbuurt,BU03633705,gibraltarbuurt,0.5439,4,0.7353,0.5704,0.8921,0.6107,high,False,38.3589,0.4051,2053.9,53.5,2016.7518,3.13
E-buurt,BU03639400,e buurt,0.5111,4,0.8333,0.3203,0.7518,0.5387,medium,False,36.4852,0.4234,3202.2,27.4,674.6558,3.33
Gaasperplas,BU03639502,gaasperplas,0.2571,1,0.2451,0.3032,0.8111,0.4866,low,False,28.7107,0.3966,187.6,35.9,2614.7074,2.13
Van der Kunbuurt,BU03635508,van der kunbuurt,0.4458,3,0.3873,0.6632,0.872,0.4911,medium,False,35.4628,0.3327,2274.6,55.3,3521.7911,2.42
Rembrandtpark Noord,BU03638602,rembrandtpark noord,0.3104,2,0.3873,0.3475,0.9174,0.1718,very low,False,32.5346,0.6966,5563.2,68.7,789.9608,2.42
Bedrijventerrein Sloterdijk I,BU03633601,bedrijventerrein sloterdijk i,0.4546,3,0.4069,0.5756,0.6921,0.6816,very high,False,40.4841,0.297,1173.9,56.4,1938.9443,2.46
Tuindorp Amstelstation,BU03635505,tuindorp amstelstation,0.6266,5,0.6127,0.8444,0.7815,0.6007,high,False,36.4469,0.5209,4370.2,23.3,3918.6889,2.88
Middenmeer Noord,BU03635601,middenmeer noord,0.2792,2,0.4461,0.2028,0.902,0.2134,very low,False,36.8014,0.4357,2931.4,36.0,4516.3147,2.54
Science Park Noord,BU03635607,science park noord,0.3429,2,0.5294,0.2717,0.8877,0.4558,low,False,37.1404,0.3538,653.1,25.3,4367.4174,2.71
Nieuw Sloten Noordoost,BU03638805,nieuw sloten noordoost,0.4541,3,0.6716,0.3379,0.7485,0.4805,low,False,36.8222,0.4863,3663.8,29.8,919.6724,3.0
Aalsmeerwegbuurt Oost,BU03634403,aalsmeerwegbuurt oost,0.3547,2,0.4706,0.3301,0.8278,0.3554,very low,False,36.6354,0.3811,2996.4,39.3,950.445,2.59
Leidsebuurt Zuidwest,BU03630701,leidsebuurt zuidwest,0.3791,3,0.4461,0.4497,0.8962,0.4703,low,False,37.7724,0.2031,1197.4,56.4,2034.7263,2.54
Zuidwestkwadrant Osdorp Zuid,BU03638203,zuidwestkwadrant osdorp zuid,0.5304,4,0.8137,0.429,0.8337,0.5743,high,False,36.6213,0.4448,2757.1,26.1,767.2497,3.29
G-buurt West,BU03639401,g buurt west,0.5386,4,0.6716,0.5816,0.8135,0.6087,high,False,36.7429,0.4179,2907.0,54.1,211.023,3.0
Reigersbos Midden,BU03639605,reigersbos midden,0.63,5,0.8137,0.6553,0.7882,0.7354,very high,False,36.1371,0.4498,2281.2,43.8,2659.8542,3.29
Durgerdam,BU03637303,durgerdam,0.3816,3,0.549,0.1309,0.4517,0.6194,high,False,27.7201,0.6737,16.7,38.8,7178.6057,2.75
Marine-Etablissement,BU03630900,marine etablissement,0.3846,3,0.4706,0.3593,0.7365,0.5754,high,False,33.6037,0.2998,1012.8,52.7,3127.7692,2.59
Vogeltjeswei,BU03639309,vogeltjeswei,0.5458,4,0.7549,0.5537,0.8884,0.5467,medium,False,38.4144,0.3759,2862.9,0.5,415.8183,3.17
Gooise Kant,BU03639411,gooise kant,0.334,2,0.549,0.1758,0.7795,0.3805,very low,False,35.9498,0.4283,3084.8,1.1,771.432,2.75
Houthavens West,BU03631200,houthavens west,0.3891,3,0.7745,0.1233,0.85,0.5546,medium,False,30.4753,0.1286,1252.6,17.6,353.6568,3.21
F-buurt,BU03639303,f buurt,0.5838,5,0.8971,0.5013,0.8778,0.6343,very high,False,37.519,0.3239,2064.4,6.9,312.6898,3.46
Hoptille,BU03639305,hoptille,0.6711,5,0.9363,0.7002,0.9172,0.7067,very high,False,38.313,0.3526,1438.2,37.5,721.7503,3.54
Vondelparkbuurt Oost,BU03632200,vondelparkbuurt oost,0.2778,2,0.2843,0.3714,0.9227,0.3516,very low,False,37.0048,0.3483,1137.6,52.0,1724.1247,2.21
Zuidoostkwadrant Indische buurt,BU03633201,zuidoostkwadrant indische buurt,0.5218,4,0.652,0.6112,0.9172,0.4664,low,False,36.0002,0.3931,3332.7,48.7,4892.1798,2.96
Park Haagseweg,BU03638801,park haagseweg,0.34,2,0.4902,0.2033,0.6869,0.3628,very low,False,35.9238,0.4833,3799.9,20.0,1248.6253,2.63
Johan Jongkindbuurt,BU03638604,johan jongkindbuurt,0.5079,4,0.4706,0.7261,0.8539,0.6367,very high,False,36.9462,0.4612,1368.6,53.8,689.849,2.59
Vondelpark Oost,BU03634708,vondelpark oost,,,0.098,0.4179,,,,False,31.9634,0.6772,7446.752,42.3,1207.1531,1.83
K-buurt Zuidoost,BU03639406,k buurt zuidoost,0.473,4,0.6716,0.3723,0.7228,0.5534,medium,False,35.8637,0.4172,2774.9,21.9,1201.304,3.0
Kop Zeedijk,BU03630000,kop zeedijk,0.4083,3,0.5098,0.4583,0.8945,0.5295,medium,False,36.5551,0.1425,708.5,52.6,2242.2161,2.67
Nieuwe Oosterbegraafplaats,BU03635701,nieuwe oosterbegraafplaats,,,0.2255,0.4179,,,,False,32.8429,0.6895,7446.752,34.6,3293.9233,2.09
Kadijken,BU03630908,kadijken,0.4461,3,0.5294,0.4998,0.8281,0.5936,high,False,36.3242,0.2811,1534.9,36.4,3667.5816,2.71
Vliegenbos,BU03636103,vliegenbos,0.1772,1,0.1422,0.1781,0.7546,0.2407,very low,False,30.9763,0.7346,7160.9,70.0,3612.7801,1.92
Vondelparkbuurt Midden,BU03632201,vondelparkbuurt midden,0.405,3,0.4461,0.5115,0.8902,0.5357,medium,False,36.356,0.3969,856.1,35.9,1298.1137,2.54
Buurt 3,BU03637600,buurt 3,0.6022,5,0.7941,0.6485,0.8742,0.5871,high,False,37.0236,0.4784,3240.9,39.1,759.2365,3.25
Bedrijvencentrum Westerkwartier,BU03631502,bedrijvencentrum westerkwartier,0.2229,1,0.3039,0.1646,0.8224,0.339,very low,False,37.8811,0.3885,2108.3,34.4,1353.5743,2.25
D-buurt,BU03639302,d buurt,0.5301,4,0.549,0.6653,0.7781,0.5614,high,False,35.6219,0.5244,3814.7,43.8,557.084,2.75
Sarphatistrook,BU03630801,sarphatistrook,0.3409,2,0.3873,0.4126,0.8953,0.3805,very low,False,36.2625,0.3037,1649.7,54.2,3466.7572,2.42
Betondorp,BU03635700,betondorp,0.5665,4,0.6324,0.6863,0.8048,0.66,very high,False,36.1179,0.4436,2436.4,25.5,2802.2087,2.92
Drieburg,BU03635702,drieburg,,,0.1618,0.4179,,,,False,36.3362,0.5606,4525.6,28.8,3023.2975,1.96
Kolenkitbuurt Noord,BU03633903,kolenkitbuurt noord,0.645,5,0.8775,0.6829,0.8958,0.6019,high,False,38.0808,0.4039,2903.3,24.9,1489.6754,3.42
Hoofdcentrum Zuidoost,BU03639200,hoofdcentrum zuidoost,0.5266,4,0.5686,0.6253,0.7547,0.7877,very high,True,38.4889,0.2237,362.4,29.0,1000.073,2.79
Alfa-driehoek,BU03631001,alfa driehoek,,,0.2206,0.4179,,,,False,38.7889,0.3303,88.6,0.0,1968.0751,2.08
Amstelglorie,BU03635804,amstelglorie,0.3101,2,0.3873,0.2485,0.7207,0.4958,medium,False,31.635,0.6534,1224.2,39.7,3582.7601,2.42
Bretten West,BU03631109,bretten west,,,0.0588,0.4179,,,,False,29.7815,0.7341,996.6,14.1,1749.4182,1.75
Park de Meer,BU03635605,park de meer,0.4101,3,0.6912,0.2436,0.8191,0.3997,low,False,34.8112,0.5308,3895.1,34.9,2958.123,3.04
Oostzanerdijk,BU03636601,oostzanerdijk,0.3648,2,0.5882,0.2209,0.7943,0.4876,medium,False,34.267,0.565,1945.9,51.3,3042.4159,2.83
Nieuwe Meer,BU03638802,nieuwe meer,0.2719,2,0.2451,0.2557,0.642,0.5258,medium,False,27.8635,0.3792,385.2,30.3,2287.5721,2.13
Sportpark Voorland,BU03635606,sportpark voorland,,,0.1618,0.4179,,,,False,36.5976,0.5137,4345.1,30.4,3200.5501,1.96
Lizzy Ansinghbuurt,BU03632502,lizzy ansinghbuurt,0.4603,3,0.6127,0.4987,0.9212,0.4531,low,False,37.5271,0.3225,2375.8,24.8,2045.8592,2.88
Buitenveldert West Midden,BU03639008,buitenveldert west midden,0.4059,3,0.4069,0.4998,0.7838,0.408,low,False,34.0464,0.5937,5602.4,46.6,2070.1917,2.46
Olympisch Stadion e.o.,BU03634803,olympisch stadion,0.5626,4,1.0,0.3443,0.8756,0.5842,high,False,37.6025,0.3222,1694.5,20.4,799.484,3.67
Haveneiland Noord,BU03635102,haveneiland noord,0.5463,4,0.8775,0.3674,0.7583,0.677,very high,False,34.1078,0.224,1637.7,48.2,4458.9158,3.42
Kalverdriehoek,BU03630107,kalverdriehoek,0.4157,3,0.7108,0.256,0.8549,0.5825,high,False,38.6599,0.1282,612.7,45.9,2754.0638,3.08
Amstelkwartier Zuid,BU03635808,amstelkwartier zuid,0.5283,4,0.6912,0.4998,0.7404,0.7695,very high,True,40.4841,0.1747,981.7,15.1,3176.2458,3.04
Amstelkwartier Noord,BU03635806,amstelkwartier noord,0.3621,2,0.4902,0.2709,0.7118,0.5355,medium,False,35.725,0.2057,1354.8,3.4,3642.3456,2.63
Frederik Hendrikbuurt Zuidwest,BU03631602,frederik hendrikbuurt zuidwest,0.5446,4,0.8137,0.5202,0.9451,0.5332,medium,False,35.5568,0.2545,2113.8,19.1,2006.6436,3.29
Middenmeer Zuid,BU03635602,middenmeer zuid,0.3317,2,0.5686,0.1973,0.8736,0.2956,very low,False,37.1603,0.4478,3464.9,33.2,4060.1268,2.79
De Wetbuurt,BU03635506,de wetbuurt,0.4249,3,0.4902,0.4585,0.7731,0.4281,low,False,35.5099,0.5727,4947.0,42.6,3585.3638,2.63
Zeeheldenbuurt,BU03631300,zeeheldenbuurt,0.3491,2,0.3431,0.4684,0.8776,0.4082,low,False,34.3116,0.3103,2118.9,47.0,625.4799,2.33
Sloterdijk III Oost,BU03631102,sloterdijk iii oost,,,0.098,0.4179,,,,False,38.1907,0.3357,583.5,11.2,1494.0844,1.83
Hemelrijk,BU03630101,hemelrijk,0.4352,3,0.6324,0.4021,0.8928,0.4936,medium,False,37.9262,0.1426,1636.2,43.7,1826.1791,2.92
Java-eiland,BU03633302,java eiland,0.4374,3,0.7157,0.2377,0.7198,0.6752,very high,False,25.7914,-0.0544,486.4,63.4,3597.0151,3.09
Noordoever Sloterplas,BU03637701,noordoever sloterplas,0.505,4,0.7549,0.4573,0.8996,0.4454,low,False,34.8838,0.4515,3511.4,48.7,843.9548,3.17
Gein Zuidoost,BU03639703,gein zuidoost,0.4457,3,0.4902,0.4909,0.7336,0.6234,high,False,32.0511,0.609,1556.6,38.0,3398.1393,2.63
Haarlemmerbuurt Oost,BU03630501,haarlemmerbuurt oost,0.3909,3,0.4461,0.486,0.9097,0.4432,low,False,37.1257,0.3217,1530.6,55.5,1501.2241,2.54
Weesperbuurt,BU03630800,weesperbuurt,0.5031,4,0.6716,0.5249,0.8776,0.6349,very high,False,34.9355,0.333,1386.7,63.0,3380.5278,3.0
Harmoniehofbuurt,BU03634706,harmoniehofbuurt,0.398,3,0.4265,0.545,0.9528,0.3669,very low,False,36.4828,0.3674,2152.4,38.0,1410.9333,2.5
Amstel III deel A/B Noord,BU03639201,amstel iii deel a b noord,0.4592,3,0.5686,0.4781,0.7975,0.6627,very high,False,38.5895,0.2959,1085.4,32.3,1222.7048,2.79
De Heining,BU03631104,de heining,0.4575,3,0.4461,0.4233,0.4515,0.6668,very high,False,30.5165,0.6459,429.9,45.7,3132.0813,2.54
Dapperbuurt Noord,BU03632900,dapperbuurt noord,0.6044,5,0.8578,0.6059,0.9054,0.5585,high,False,36.114,0.356,2974.7,42.0,4447.175,3.38
Amsterdamse Bos,BU03639004,amsterdamse bos,0.3835,3,0.3873,0.3884,0.634,0.544,medium,False,27.1162,0.5104,1471.1,22.8,2739.6891,2.42
Overbraker Binnenpolder,BU03631307,overbraker binnenpolder,,,0.4265,0.4179,,,,False,35.7557,0.5465,2534.2,50.9,972.385,2.5
Weesperzijde Midden/Zuid,BU03632701,weesperzijde midden zuid,0.4017,3,0.6127,0.3554,0.9276,0.4065,low,False,35.2667,0.2942,1881.7,43.1,3299.9659,2.88
Venserpolder Oost,BU03639301,venserpolder oost,0.5697,4,0.6716,0.6703,0.8354,0.5934,high,False,35.8447,0.4752,3264.1,43.0,1088.7591,3.0
Riekerhaven,BU03638704,riekerhaven,0.5948,5,0.4265,0.9136,0.7059,0.6369,very high,False,35.4465,0.5237,2386.0,15.9,1702.0981,2.5
Planciusbuurt Zuid,BU03630506,planciusbuurt zuid,0.5936,5,0.652,0.8088,0.9534,0.6246,high,True,36.4266,0.2403,979.3,41.2,772.7764,2.96
,BU03639997,,,,0.5686,0.4179,,,,False,25.7825,-0.0544,,,,
Schellingwoude West,BU03637300,schellingwoude west,0.3131,2,0.4265,0.2224,0.7321,0.4919,medium,False,29.3802,0.3502,1305.3,59.8,5339.9834,2.5
Rijnbuurt Midden,BU03635402,rijnbuurt midden,0.304,2,0.3431,0.3696,0.9052,0.2091,very low,False,34.6644,0.4982,3601.0,51.0,3045.0975,2.33
Buitenveldert Zuidwest,BU03639003,buitenveldert zuidwest,0.5471,4,0.6324,0.6206,0.7701,0.5883,high,False,34.7121,0.5302,4045.2,46.5,2660.5623,2.92
Walvisbuurt,BU03636602,walvisbuurt,0.3221,2,0.5098,0.1746,0.7582,0.4881,medium,False,34.3698,0.558,1493.7,48.6,3496.9945,2.67
Flevopark,BU03633203,flevopark,0.2928,2,0.0588,0.5653,0.7843,0.5241,medium,False,27.79,0.4214,2064.1,51.8,4802.0133,1.75
Kattenburg,BU03630901,kattenburg,0.4178,3,0.348,0.5872,0.7813,0.4635,low,False,33.3346,0.4397,3568.5,58.2,3454.4682,2.34
Wittenburg,BU03630902,wittenburg,0.493,4,0.6127,0.5226,0.8055,0.597,high,False,33.264,0.3477,2399.1,52.9,3655.6697,2.88
Vogelbuurt Zuid,BU03636101,vogelbuurt zuid,0.6307,5,0.9167,0.6056,0.8912,0.6221,high,False,36.8524,0.4057,2512.3,26.1,2574.9644,3.5
Oostoever Sloterplas,BU03638500,oostoever sloterplas,0.43,3,0.5931,0.4059,0.8483,0.5184,medium,False,30.1707,0.294,2055.5,37.2,593.6648,2.84
Zeeburgereiland Noordoost,BU03633406,zeeburgereiland noordoost,,,0.549,0.4179,,,,False,32.9351,0.3358,494.5,0.0,5615.3149,2.75
Centrumeiland,BU03635006,centrumeiland,,,0.5686,0.4179,,,,False,32.5557,0.1264,339.7,34.4,4751.3729,2.79
Schellingwoude Oost,BU03637301,schellingwoude oost,0.2042,1,0.2647,0.1244,0.7572,0.383,very low,False,30.8906,0.6867,1985.5,57.4,5912.4454,2.17
Markthallen,BU03631501,markthallen,0.5146,4,0.8333,0.4179,0.9294,0.5978,high,True,40.4841,0.1546,491.0,25.2,1682.5311,3.33
Nieuwe Diep/Diemerpark,BU03633404,nieuwe diep diemerpark,0.4093,3,0.4657,0.2833,0.4515,0.5865,high,False,28.8678,0.3733,585.5,29.9,3872.4308,2.58
Sportpark Middenmeer Noord,BU03635604,sportpark middenmeer noord,0.5203,4,0.2647,0.9567,0.8415,0.4332,low,False,37.0146,0.5992,5221.5,42.4,3645.2319,2.17
Amstelpark,BU03639103,amstelpark,0.2706,2,0.1225,0.4179,0.728,0.3421,very low,False,30.0824,0.7004,7446.752,52.9,3076.8655,1.88
Valeriusbuurt Oost,BU03634600,valeriusbuurt oost,0.2375,1,0.3431,0.1862,0.871,0.276,very low,False,36.5623,0.3733,2312.8,39.8,447.2514,2.33
Reigersbos Noord,BU03639601,reigersbos noord,0.6055,5,0.6912,0.7129,0.7808,0.6406,very high,False,35.7781,0.4896,3661.5,59.3,2260.5631,3.04
Hakfort/Huigenbos,BU03639307,hakfort huigenbos,0.6239,5,0.7353,0.7271,0.8051,0.688,very high,False,34.9446,0.5514,2706.9,42.9,1116.8644,3.13
Riekerpolder,BU03638800,riekerpolder,0.468,3,0.4902,0.5095,0.6592,0.7059,very high,False,37.0278,0.3735,673.8,29.9,1521.4051,2.63
Rembrandtpark Zuid,BU03638603,rembrandtpark zuid,0.2297,1,0.2451,0.261,0.8638,0.2293,very low,False,31.6132,0.7031,3173.9,57.7,824.5046,2.13
Amsterdamse Poort,BU03639304,amsterdamse poort,0.8063,5,1.0,0.9852,0.9389,0.7388,very high,True,38.6918,0.232,827.4,28.3,268.9578,3.67
Steigereiland Zuid,BU03633501,steigereiland zuid,0.4353,3,0.8137,0.1263,0.7036,0.5699,high,False,32.4422,0.3422,2258.3,21.2,4748.1493,3.29
Paramariboplein e.o.,BU03634300,paramariboplein,0.3561,2,0.5294,0.3036,0.8852,0.3935,very low,False,37.0409,0.3523,1926.5,47.6,1425.0936,2.71
Koningin Wilhelminaplein,BU03638700,koningin wilhelminaplein,0.3392,2,0.5098,0.249,0.8214,0.437,low,False,34.8011,0.4277,1896.1,57.8,896.2951,2.67
Sloterdijk II,BU03631100,sloterdijk ii,0.473,4,0.549,0.5107,0.7544,0.6742,very high,False,40.4841,0.2873,1451.6,28.2,1501.5153,2.75
Buurt 7,BU03637801,buurt 7,0.5362,4,0.8137,0.4703,0.8871,0.5539,medium,False,36.2902,0.4473,2337.1,27.4,480.8605,3.29
Nieuwendammerdijk West,BU03636402,nieuwendammerdijk west,0.3001,2,0.6127,0.0436,0.8121,0.5359,medium,False,34.2163,0.4348,934.3,24.5,3688.2016,2.88
Diamantbuurt,BU03632600,diamantbuurt,0.4823,4,0.5294,0.6421,0.9314,0.4323,low,False,36.0189,0.331,2710.5,32.0,2980.5326,2.71
Linnaeusparkbuurt,BU03635600,linnaeusparkbuurt,0.3011,2,0.4657,0.2451,0.9162,0.2711,very low,False,37.1596,0.3506,2203.8,25.7,4550.3992,2.58
De Wittenbuurt Noord,BU03631400,de wittenbuurt noord,0.4571,3,0.6324,0.4846,0.9487,0.4608,low,False,35.8026,0.3518,1915.4,51.0,874.6882,2.92
Zeeburgereiland Noordwest,BU03633400,zeeburgereiland noordwest,0.5076,4,0.549,0.4779,0.516,0.7261,very high,True,33.7768,0.2215,811.3,21.6,5700.9616,2.75
AMC,BU03639205,amc,0.3795,3,0.3676,0.4179,0.6737,0.5973,high,False,35.5449,0.506,879.5,51.3,2585.7592,2.38
Spaarndammerbuurt Zuidwest,BU03631303,spaarndammerbuurt zuidwest,0.597,5,0.8137,0.6449,0.9325,0.5136,medium,False,37.7244,0.3939,3232.6,48.2,311.2794,3.29
IJplein e.o.,BU03636100,ijplein,0.7053,5,1.0,0.6969,0.8671,0.7735,very high,False,30.2931,0.1437,1516.8,36.3,2456.6251,3.67
Landelijk gebied Driemond,BU03639801,landelijk gebied driemond,0.1464,1,0.1225,0.0891,0.6913,0.4844,low,False,29.5092,0.6662,395.1,10.1,2937.277,1.88
Staatsliedenbuurt Noordoost,BU03631402,staatsliedenbuurt noordoost,0.5554,4,0.5882,0.771,0.9415,0.4782,low,False,36.7835,0.4042,2683.2,49.7,771.3234,2.83
Leidsebuurt Zuidoost,BU03630703,leidsebuurt zuidoost,0.5187,4,0.8333,0.422,0.917,0.6133,high,True,37.2595,0.21,900.6,45.7,1998.7065,3.33
Oostpoort,BU03632902,oostpoort,0.5517,4,0.8775,0.4773,0.951,0.4809,low,False,37.1058,0.3008,2442.0,24.7,4748.2488,3.42
IJsbaanpad e.o.,BU03634804,ijsbaanpad,0.328,2,0.6324,0.059,0.7428,0.4082,low,False,36.8442,0.3508,3640.2,53.8,1273.9121,2.92
Kortenaerkwartier,BU03637500,kortenaerkwartier,0.4347,3,0.652,0.3905,0.9115,0.461,low,False,39.0101,0.3759,1778.8,20.9,1912.2652,2.96
Nieuwmarkt,BU03630404,nieuwmarkt,0.6125,5,0.7549,0.713,0.8732,0.7282,very high,False,36.2748,0.2947,1460.6,76.0,2693.0983,3.17
Science Park Zuid,BU03635608,science park zuid,0.6372,5,0.4902,0.9683,0.731,0.781,very high,False,32.5457,0.4352,584.3,46.0,3891.5418,2.63
Buitenveldert Midden Zuid,BU03639002,buitenveldert midden zuid,0.4174,3,0.549,0.3986,0.8082,0.3906,very low,False,33.8834,0.605,5187.1,52.1,2758.7678,2.75
Bedrijventerrein Schinkel,BU03634405,bedrijventerrein schinkel,0.3933,3,0.4069,0.4309,0.7092,0.4729,low,False,38.0655,0.3115,2900.4,44.4,1430.5228,2.46
Nieuwendammerdijk Oost,BU03636403,nieuwendammerdijk oost,0.1689,1,0.2647,0.0693,0.8235,0.3748,very low,False,31.8376,0.4898,1435.0,43.0,4428.3565,2.17
Rapenburg,BU03630402,rapenburg,0.3693,2,0.4902,0.3632,0.8601,0.5038,medium,False,32.8203,0.145,975.5,51.2,3004.8118,2.63
Uilenburg,BU03630405,uilenburg,0.4433,3,0.5294,0.5101,0.8627,0.6118,high,False,35.9283,0.2588,944.7,66.3,2949.7451,2.71
Middelveldsche Akerpolder,BU03638400,middelveldsche akerpolder,0.595,5,0.9167,0.4422,0.7429,0.6802,very high,False,37.3938,0.3925,2462.3,6.2,969.5161,3.5
Spaarndammerbuurt Noordoost,BU03631301,spaarndammerbuurt noordoost,0.5753,4,0.7549,0.6473,0.9278,0.6169,high,False,36.2058,0.3525,1698.9,50.0,234.0602,3.17
Zuidwestkwadrant Indische buurt,BU03633102,zuidwestkwadrant indische buurt,0.6345,5,0.8333,0.7121,0.9184,0.5712,high,False,37.1286,0.3929,2943.2,35.3,4992.108,3.33
Borgerbuurt,BU03631901,borgerbuurt,0.7313,5,0.9804,0.8118,0.9277,0.6695,very high,False,38.4889,0.3077,1995.6,26.1,1725.9371,3.63
Zorgvlied,BU03635404,zorgvlied,0.3767,3,0.3676,0.4561,0.7639,0.5695,high,False,31.7887,0.5923,1255.5,51.4,2971.1,2.38
Holendrecht West,BU03639600,holendrecht west,0.7427,5,0.7941,0.9564,0.7873,0.7118,very high,False,36.5717,0.466,2911.4,43.8,1668.3597,3.25
Beatrixpark,BU03635901,beatrixpark,,,0.0,0.4179,,,,False,31.5565,0.7346,7446.752,40.9,1437.1069,1.63
Zeeburgereiland Zuidoost,BU03633402,zeeburgereiland zuidoost,0.3816,3,0.2843,0.4978,0.656,0.6028,high,False,32.9543,0.3517,1408.6,39.7,5421.2638,2.21
Spiegelbuurt,BU03630300,spiegelbuurt,0.3292,2,0.4069,0.3633,0.8944,0.4132,low,False,36.6193,0.341,1071.4,57.4,2381.6205,2.46
Tuindorp Frankendael,BU03635507,tuindorp frankendael,0.5204,4,0.5098,0.7057,0.8291,0.5073,medium,False,35.1633,0.5589,4026.0,43.7,3771.1126,2.67
Slotermeer Zuid,BU03637700,slotermeer zuid,0.6396,5,0.7353,0.8141,0.9006,0.5566,high,False,35.7935,0.5196,3172.6,45.6,625.5379,3.13
L-buurt,BU03639500,l buurt,0.4731,4,0.549,0.5062,0.7451,0.5669,high,False,31.8451,0.6485,2859.8,49.1,1623.7765,2.75
Reigersbos Zuid,BU03639606,reigersbos zuid,0.528,4,0.7108,0.4987,0.7788,0.7059,very high,False,33.6684,0.5663,1606.5,37.7,3203.1023,3.08
Amstel III deel C/D Noord,BU03639202,amstel iii deel c d noord,0.4479,3,0.4265,0.5434,0.7005,0.6901,very high,False,40.4345,0.299,723.4,42.2,1710.2324,2.5
WG-terrein,BU03632001,wg terrein,0.5265,4,0.7108,0.5599,0.909,0.5144,medium,False,37.2325,0.3887,2770.5,32.9,1599.5478,3.08
Beethovenbuurt,BU03634901,beethovenbuurt,0.305,2,0.3873,0.337,0.9234,0.2086,very low,False,36.3728,0.4607,2988.1,57.1,1166.1275,2.42
Vervoerscentrum,BU03631004,vervoerscentrum,,,0.2451,0.4179,,,,False,40.4841,0.2854,11.14,33.3,2721.8711,2.13
Noordoostkwadrant Indische buurt,BU03633200,noordoostkwadrant indische buurt,0.5836,5,0.6912,0.713,0.8903,0.5772,high,False,35.8822,0.4237,2801.2,55.6,5291.0647,3.04
Diepenbrockbuurt,BU03634900,diepenbrockbuurt,0.2974,2,0.4461,0.2424,0.8899,0.3172,very low,False,35.3214,0.4206,2034.1,40.3,1346.2536,2.54
Valkenburg,BU03630406,valkenburg,0.4352,3,0.4657,0.5466,0.8486,0.5194,medium,False,36.2888,0.3312,2158.8,44.0,3163.3539,2.58
Rieteiland Oost,BU03635100,rieteiland oost,0.2744,2,0.4706,0.0401,0.6496,0.3261,very low,False,31.1046,0.4889,4685.7,0.0,3761.2636,2.59
Teleport,BU03631105,teleport,0.4452,3,0.5294,0.4847,0.802,0.6433,very high,False,38.1055,0.3071,992.4,22.0,1533.4046,2.71
Amstelveldbuurt,BU03630303,amstelveldbuurt,0.3478,2,0.4069,0.3995,0.874,0.4182,low,False,34.5038,0.3748,1582.3,53.8,2899.1375,2.46
Oosterpark,BU03632801,oosterpark,0.2936,2,0.1814,0.5026,0.8997,0.2564,very low,False,33.7806,0.6012,5513.3,62.9,4079.8202,2.0
Langestraat e.o.,BU03630200,langestraat,0.3176,2,0.3235,0.4186,0.8965,0.411,low,False,35.6344,0.3278,1378.1,54.1,1634.972,2.29
Marnixbuurt Zuid,BU03630609,marnixbuurt zuid,0.4907,4,0.4902,0.6906,0.908,0.5764,high,True,36.5832,0.2503,1133.0,53.4,2196.1911,2.63
Surinamepleinbuurt,BU03634400,surinamepleinbuurt,0.3594,2,0.5294,0.2971,0.8557,0.3993,low,False,36.8092,0.3808,2270.4,28.6,1064.1821,2.71
Holendrecht Oost,BU03639602,holendrecht oost,0.4916,4,0.6127,0.526,0.8194,0.5018,medium,False,34.337,0.6046,4572.4,43.1,1786.4418,2.88
Westergasfabriek,BU03631306,westergasfabriek,,,0.0,0.4179,,,,False,34.3823,0.5442,5635.2,42.0,689.6441,1.63
John Franklinbuurt,BU03634100,john franklinbuurt,0.4518,3,0.5686,0.5363,0.951,0.4676,low,False,36.47,0.4049,1789.6,66.4,1602.3156,2.79
Coenhaven/Mercuriushaven,BU03631000,coenhaven mercuriushaven,0.4093,3,0.4902,0.4179,0.7698,0.6358,very high,False,31.3864,0.0608,36.1,12.8,1455.1727,2.63
Cremerbuurt Oost,BU03632002,cremerbuurt oost,0.3102,2,0.4069,0.3212,0.9052,0.3522,very low,False,38.0911,0.3345,1408.0,43.3,1397.7322,2.46
Hiltonbuurt,BU03634902,hiltonbuurt,0.1221,1,0.1422,0.1049,0.8836,0.1744,very low,False,35.1018,0.4944,3027.5,56.1,645.2705,1.92
Buurt 5 Noord,BU03637703,buurt 5 noord,0.5815,5,0.7353,0.6836,0.9304,0.5065,medium,False,36.237,0.4865,3157.6,50.8,442.6335,3.13
Hoge Dijk,BU03639206,hoge dijk,0.4484,3,0.4265,0.5109,0.633,0.7005,very high,False,30.9087,0.6961,379.3,28.1,3392.9743,2.5
Gaasperpark,BU03639501,gaasperpark,0.2114,1,0.0,0.3578,0.6587,0.5399,medium,False,30.0039,0.6217,560.6,16.2,1875.726,1.63
Dorp Driemond,BU03639800,dorp driemond,0.276,2,0.3873,0.1897,0.774,0.414,low,False,33.0489,0.4101,1764.5,33.8,3596.005,2.42
Anjeliersbuurt Zuid,BU03630611,anjeliersbuurt zuid,0.4965,4,0.652,0.5609,0.9431,0.5778,high,False,37.25,0.3072,1111.8,40.6,1616.9958,2.96
,BU03639998,,,,0.5686,0.4179,,,,False,25.7825,-0.0544,,,,
Gouden Bocht,BU03630301,gouden bocht,0.3894,3,0.4461,0.4622,0.8694,0.5033,medium,False,36.0567,0.3139,1386.4,48.1,2584.7812,2.54
Leidsebuurt Noordoost,BU03630702,leidsebuurt noordoost,0.3818,3,0.5098,0.3931,0.8966,0.4669,low,False,38.5586,0.2319,990.4,57.4,2144.9804,2.67
Afrikahaven,BU03631006,afrikahaven,,,0.4069,0.4179,,,,False,34.6863,0.3093,42.9,0.4,5454.3741,2.46
Wielingenbuurt,BU03635200,wielingenbuurt,0.2557,1,0.3039,0.2805,0.8902,0.2706,very low,False,36.1875,0.396,2231.9,54.3,1764.0177,2.25
Ookmeer,BU03638000,ookmeer,0.5345,4,0.5098,0.7478,0.8427,0.5051,medium,False,36.0351,0.5928,3884.0,28.9,899.4167,2.67
Osdorper Bovenpolder,BU03638001,osdorper bovenpolder,0.4416,3,0.6324,0.3225,0.7017,0.6833,very high,False,32.4145,0.6204,287.7,38.3,1627.5319,2.92
Osdorpplein e.o.,BU03638102,osdorpplein,0.6049,5,0.9167,0.5468,0.9024,0.6473,very high,False,35.2848,0.1956,1690.0,33.6,200.557,3.5
Buitenveldert Zuidoost,BU03639102,buitenveldert zuidoost,0.4754,4,0.549,0.5558,0.8323,0.4683,low,False,34.3509,0.5616,5325.7,51.6,3061.9648,2.75
Geuzenhofbuurt,BU03634000,geuzenhofbuurt,0.1473,1,0.0,0.3062,0.8758,0.2258,very low,False,35.2804,0.531,2924.5,70.1,2228.6557,1.63
Petroleumhaven,BU03631002,petroleumhaven,,,0.2206,0.4179,,,,False,31.7987,0.1745,11.14,25.0,3342.9853,2.08
Westhaven Noord,BU03631003,westhaven noord,0.419,3,0.4461,0.3851,0.5673,0.6405,very high,False,35.4024,0.1335,11.14,0.0,3033.044,2.54
Amerikahaven,BU03631005,amerikahaven,0.3732,2,0.1618,0.4969,0.4515,0.6644,very high,False,33.9757,0.1712,13.1,2.3,4241.4546,1.96
KNSM-eiland,BU03633303,knsm eiland,0.4032,3,0.5098,0.3624,0.7283,0.6305,very high,False,25.7825,-0.0544,237.3,71.1,4800.1221,2.67
Architectenbuurt,BU03633307,architectenbuurt,0.4061,3,0.4902,0.4342,0.8184,0.4889,medium,False,33.6605,0.3015,2264.5,59.0,4983.281,2.63
Zeeburgereiland Zuidwest,BU03633403,zeeburgereiland zuidwest,0.3362,2,0.2843,0.3769,0.6416,0.4668,low,False,30.4691,0.3503,2162.2,45.4,5693.6804,2.21
Schinkelbuurt Zuid,BU03634501,schinkelbuurt zuid,0.5929,5,0.8578,0.5559,0.8632,0.5821,high,False,36.4206,0.2769,3448.7,12.8,694.0912,3.38
Willemsparkbuurt Noord,BU03634602,willemsparkbuurt noord,0.2515,1,0.2843,0.2751,0.8612,0.2804,very low,False,35.4312,0.4491,2667.8,62.0,499.6207,2.21
Cornelis Douwesterrein,BU03637104,cornelis douwesterrein,,,0.1618,0.4179,,,,False,34.2068,0.1269,777.8,50.6,2072.9339,1.96
Venserpolder West,BU03639300,venserpolder west,0.6707,5,0.7941,0.7868,0.8081,0.7193,very high,False,35.8365,0.4916,2519.4,31.1,918.6641,3.25
Huntum,BU03639308,huntum,0.4492,3,0.4657,0.5594,0.804,0.4633,low,False,35.2797,0.5806,3850.6,42.3,1033.8746,2.58
De Wittenbuurt Zuid,BU03631401,de wittenbuurt zuid,0.5367,4,0.6324,0.6831,0.9477,0.5793,high,False,36.565,0.2971,1381.6,29.7,1110.7694,2.92
Bosleeuw,BU03633702,bosleeuw,0.5666,4,0.8775,0.5042,0.9303,0.5018,medium,False,38.6298,0.3658,2838.7,39.9,1919.914,3.42
Spaarndammerbuurt Midden,BU03631304,spaarndammerbuurt midden,0.4856,4,0.6912,0.4838,0.9219,0.3946,low,False,37.1012,0.3982,4010.3,34.3,273.8739,3.04
Landlust Zuid,BU03633703,landlust zuid,0.4779,4,0.6716,0.4779,0.9091,0.4458,low,False,37.3357,0.401,2864.1,27.2,2035.7756,3.0
Erasmusparkbuurt Oost,BU03633704,erasmusparkbuurt oost,0.36,2,0.5098,0.3465,0.9124,0.3414,very low,False,36.8919,0.3678,2148.8,54.4,2007.4145,2.67
Landlust Noord,BU03633706,landlust noord,0.445,3,0.549,0.5209,0.9148,0.4424,low,False,38.2311,0.4062,2417.0,43.0,1916.1962,2.75
Robert Scottbuurt West,BU03633900,robert scottbuurt west,0.5897,5,0.8137,0.6283,0.9355,0.5409,medium,False,37.2314,0.3354,2658.1,27.6,1325.5643,3.29
Robert Scottbuurt Oost,BU03633803,robert scottbuurt oost,0.4235,3,0.6324,0.4042,0.9558,0.3958,low,False,37.0368,0.3327,1946.9,44.8,1367.6589,2.92
Trompbuurt,BU03634001,trompbuurt,0.3552,2,0.5294,0.3169,0.9165,0.3662,very low,False,38.0663,0.3896,1745.3,47.9,2035.7362,2.71
Pieter van der Doesbuurt,BU03634002,pieter van der doesbuurt,0.4364,3,0.5686,0.4908,0.9368,0.4971,medium,False,37.5251,0.3536,1294.6,63.9,1802.0559,2.79
Jan Maijenbuurt,BU03634101,jan maijenbuurt,0.6007,5,0.8775,0.6048,0.9612,0.5251,medium,False,39.221,0.3681,2576.9,31.7,1373.8509,3.42
Orteliusbuurt Noord,BU03634102,orteliusbuurt noord,0.4393,3,0.5294,0.5494,0.9612,0.4583,low,False,38.8867,0.369,1523.8,80.0,1195.4844,2.71
Orteliusbuurt Midden,BU03634202,orteliusbuurt midden,0.3684,2,0.5098,0.3919,0.9612,0.3418,very low,False,38.3624,0.4025,1673.9,65.7,1130.5923,2.67
Marcanti,BU03631503,marcanti,0.3851,3,0.3873,0.5254,0.8997,0.3608,very low,False,35.1044,0.4091,2853.2,49.8,2078.4373,2.42
Nieuwe Kerk e.o.,BU03630104,nieuwe kerk,0.4068,3,0.652,0.3,0.8701,0.5695,high,False,38.9127,0.0868,332.4,25.0,2116.7901,2.96
Begijnhofbuurt,BU03630106,begijnhofbuurt,0.4717,3,0.5686,0.5439,0.8667,0.6535,very high,False,38.6275,0.151,707.9,32.0,2458.437,2.79
Vondelparkbuurt West,BU03632101,vondelparkbuurt west,0.4027,3,0.5882,0.3451,0.853,0.5499,medium,False,36.5699,0.3204,1130.0,51.7,983.678,2.83
Gerard Doubuurt,BU03632401,gerard doubuurt,0.4063,3,0.4902,0.4936,0.936,0.3714,very low,False,37.2884,0.3095,2302.6,49.0,2243.3539,2.63
Sarphatiparkbuurt,BU03632404,sarphatiparkbuurt,0.41,3,0.5686,0.4247,0.9368,0.323,very low,False,37.0694,0.3785,3207.4,41.1,2295.9282,2.79
Van der Helstpleinbuurt,BU03632501,van der helstpleinbuurt,0.3861,3,0.5294,0.4017,0.9317,0.3418,very low,False,37.7648,0.3314,2223.1,39.3,2457.2769,2.71
Burgemeester Tellegenbuurt Oost,BU03632601,burgemeester tellegenbuurt oost,0.5318,4,0.6716,0.6172,0.9184,0.5166,medium,False,37.6356,0.3978,2642.8,27.7,2585.3339,3.0
Burgemeester Tellegenbuurt West,BU03632602,burgemeester tellegenbuurt west,0.5174,4,0.5882,0.6543,0.8982,0.498,medium,False,36.5465,0.3813,2912.6,25.2,2296.062,2.83
Parooldriehoek,BU03632702,parooldriehoek,0.5107,4,0.5686,0.6778,0.9396,0.3936,low,False,36.0885,0.4786,4294.2,43.6,3470.07,2.79
Oosterparkbuurt Zuidoost,BU03632802,oosterparkbuurt zuidoost,0.4447,3,0.6127,0.4756,0.9531,0.4443,low,False,35.9579,0.3981,1856.0,51.5,4116.1563,2.88
Oosterparkbuurt Zuidwest,BU03632803,oosterparkbuurt zuidwest,0.5396,4,0.652,0.6721,0.9502,0.5272,medium,False,37.6749,0.3801,2124.7,42.9,3636.0026,2.96
Dapperbuurt Zuid,BU03632901,dapperbuurt zuid,0.631,5,0.9363,0.6083,0.9339,0.5685,high,False,36.6857,0.3219,2548.0,38.5,4582.1716,3.54
Noordwestkwadrant Indische buurt Zuid,BU03633101,noordwestkwadrant indische buurt zuid,0.5064,4,0.7353,0.4977,0.9338,0.5426,medium,False,37.6142,0.3727,1668.4,56.8,5004.5049,3.13
Concertgebouwbuurt,BU03634702,concertgebouwbuurt,0.3122,2,0.3873,0.3518,0.9174,0.362,very low,False,37.3382,0.3097,1226.9,33.3,1266.6582,2.42
Cornelis Schuytbuurt,BU03634703,cornelis schuytbuurt,0.2896,2,0.4069,0.267,0.8996,0.2931,very low,False,36.2078,0.3961,2089.0,59.2,888.057,2.46
Minervabuurt Noord,BU03634903,minervabuurt noord,0.1932,1,0.1814,0.244,0.8849,0.179,very low,False,36.4135,0.4608,3398.9,61.0,639.8539,2.0
Minervabuurt Midden,BU03634904,minervabuurt midden,0.2994,2,0.4265,0.2646,0.8851,0.2855,very low,False,37.9073,0.3858,2453.3,53.1,661.3006,2.5
Strandeiland,BU03635000,strandeiland,,,0.0392,0.4179,,,,False,34.4623,0.0639,,,5296.5631,1.71
Middeneiland Zuidoost,BU03635001,middeneiland zuidoost,,,0.0392,0.4179,,,,False,33.6241,0.0656,,,5383.1842,1.71
Middeneiland Zuidwest,BU03635003,middeneiland zuidwest,,,0.2206,0.4179,,,,False,34.3287,0.1021,,,5184.2205,2.08
Buiteneiland,BU03635005,buiteneiland,,,0.0392,0.4179,,,,False,25.7825,0.7195,,,5951.8157,1.71
Scheldebuurt West,BU03635201,scheldebuurt west,0.4018,3,0.6127,0.3396,0.8956,0.3742,very low,False,36.7017,0.3975,2636.4,61.9,2169.3597,2.88
Scheldebuurt Midden,BU03635202,scheldebuurt midden,0.3507,2,0.549,0.2807,0.9062,0.3036,very low,False,36.3842,0.4096,2646.0,52.6,2439.899,2.75
Scheldebuurt Oost,BU03635203,scheldebuurt oost,0.3956,3,0.6324,0.3163,0.9192,0.3001,very low,False,36.6165,0.4239,3272.0,44.6,2784.0254,2.92
Veluwebuurt,BU03635206,veluwebuurt,0.4876,4,0.4657,0.6923,0.8779,0.4178,low,False,36.2839,0.5432,4408.2,48.5,2629.3555,2.58
IJselbuurt West,BU03635300,ijselbuurt west,0.372,2,0.3676,0.5194,0.9141,0.3169,very low,False,36.1976,0.4422,3144.9,57.5,2575.6166,2.38
Rijnbuurt West,BU03635403,rijnbuurt west,0.6092,5,0.652,0.814,0.8861,0.5932,high,False,37.2222,0.4086,2493.7,24.7,2646.1064,2.96
Bloemenbuurt Zuid,BU03636001,bloemenbuurt zuid,0.5526,4,0.7157,0.6412,0.951,0.4424,low,False,35.818,0.4981,3780.8,41.3,2449.6568,3.09
Tuindorp Nieuwendam West,BU03636200,tuindorp nieuwendam west,0.5461,4,0.8137,0.4725,0.8419,0.5532,medium,False,35.1771,0.4116,3271.9,18.6,4094.3899,3.29
Tuindorp Nieuwendam Oost,BU03636201,tuindorp nieuwendam oost,0.5289,4,0.7745,0.4781,0.8605,0.552,medium,False,33.655,0.4785,2904.5,41.6,4632.7932,3.21
Blauwe Zand,BU03636300,blauwe zand,0.5587,4,0.8775,0.4285,0.8185,0.6137,high,False,36.9754,0.3326,2537.2,19.4,3315.3341,3.42
Buiksloterdijk West,BU03636400,buiksloterdijk west,0.1804,1,0.1422,0.2454,0.8734,0.2736,very low,False,33.7474,0.5956,2154.1,54.4,2826.5849,1.92
Buiksloterdijk Oost,BU03636401,buiksloterdijk oost,0.2865,2,0.201,0.4353,0.8399,0.4709,low,False,33.3773,0.5416,1489.8,10.0,3039.3284,2.04
Twiske West,BU03636603,twiske west,0.338,2,0.6127,0.1348,0.8051,0.5383,medium,False,35.0562,0.4461,1128.3,31.1,3529.9694,2.88
Molenwijk,BU03636605,molenwijk,0.6762,5,0.9363,0.6477,0.7869,0.656,very high,False,33.5539,0.6301,5745.2,52.9,3084.1404,3.54
Circus/Kermisbuurt,BU03636606,circus kermisbuurt,0.4625,3,0.6912,0.3376,0.7451,0.4954,medium,False,35.1343,0.4721,3521.2,25.9,2967.2954,3.04
Kadoelen,BU03636700,kadoelen,0.3948,3,0.7108,0.1668,0.7812,0.6013,high,False,32.93,0.5915,1006.5,40.3,3266.3048,3.08
Twiske Oost,BU03636701,twiske oost,0.4006,3,0.5686,0.2929,0.7201,0.5392,medium,False,35.2253,0.4633,2040.0,29.8,3704.4697,2.79
Baanakkerspark Noord,BU03636800,baanakkerspark noord,0.4181,3,0.4069,0.5551,0.8334,0.4015,low,False,31.6697,0.7218,5377.7,65.0,4942.2689,2.46
Baanakkerspark Zuid,BU03636801,baanakkerspark zuid,0.3587,2,0.2206,0.6041,0.8559,0.3631,very low,False,30.4255,0.7346,6123.6,74.9,4534.4364,2.08
Werengouw Midden,BU03636802,werengouw midden,0.5547,4,0.7353,0.5865,0.8699,0.5443,medium,False,34.8561,0.4834,3630.1,42.5,4874.8399,3.13
Markengouw Midden,BU03636803,markengouw midden,0.4666,3,0.652,0.4273,0.8256,0.5382,medium,False,35.6568,0.4865,2588.3,42.9,5302.4807,2.96
Markengouw Zuid,BU03636804,markengouw zuid,0.4485,3,0.549,0.4808,0.817,0.4813,low,False,34.3352,0.5384,3187.5,47.6,5611.4152,2.75
Werengouw Zuid,BU03636805,werengouw zuid,0.4321,3,0.5294,0.4828,0.8637,0.4089,low,False,32.539,0.5739,3616.0,57.2,5184.8059,2.71
Rode Kruisbuurt,BU03636900,rode kruisbuurt,0.4567,3,0.5686,0.4889,0.8318,0.4785,low,False,36.6789,0.4854,3306.8,36.2,3447.0604,2.79
Loenermark,BU03636902,loenermark,0.6576,5,0.8578,0.7118,0.8514,0.7073,very high,False,35.7371,0.4336,2390.7,26.7,3617.7372,3.38
Buikslotermeerplein,BU03636909,buikslotermeerplein,0.6901,5,0.8971,0.7547,0.853,0.7243,very high,False,37.6617,0.3134,2298.9,42.3,4201.604,3.46
Plan van Gool,BU03636910,plan van gool,0.4612,3,0.4902,0.596,0.8664,0.4191,low,False,33.7366,0.6634,5113.0,75.6,3859.0122,2.63
De Kleine Wereld,BU03636911,de kleine wereld,0.6275,5,0.7941,0.6882,0.8271,0.6624,very high,False,35.3999,0.5417,3016.3,56.9,4350.0514,3.25
Buikslotermeer Noord,BU03636912,buikslotermeer noord,0.5168,4,0.549,0.6392,0.7923,0.569,high,False,33.3526,0.6041,3149.7,51.6,4504.3932,2.75
Banne Zuidwest,BU03637000,banne zuidwest,0.6637,5,1.0,0.6094,0.9002,0.5993,high,False,34.6741,0.515,2837.2,47.8,2633.1609,3.67
Banne Zuidoost,BU03637001,banne zuidoost,0.5912,5,0.8578,0.5577,0.8751,0.5746,high,False,36.0214,0.4793,3183.3,43.4,2987.7202,3.38
Banne Noordwest,BU03637002,banne noordwest,0.5872,5,0.7549,0.638,0.8497,0.5749,high,False,33.3542,0.594,4535.2,51.7,3454.0815,3.17
Banne Noordoost,BU03637003,banne noordoost,0.5054,4,0.652,0.5113,0.7994,0.5488,medium,False,33.5855,0.5638,3562.6,46.8,3701.4338,2.96
Marjoleinterrein,BU03637005,marjoleinterrein,0.4106,3,0.5882,0.3654,0.8542,0.3926,very low,False,36.5006,0.5006,3365.7,43.6,2495.7504,2.83
Schellingwoude Noord,BU03637302,schellingwoude noord,,,0.2451,0.4179,,,,False,31.1127,0.6653,1299.8,34.0,6348.6359,2.13
Zwarte Gouw,BU03637304,zwarte gouw,0.4103,3,0.4069,0.4179,0.5977,0.643,very high,False,29.5917,0.7107,115.2,13.0,6746.6207,2.46
Ransdorp,BU03637305,ransdorp,0.4242,3,0.5686,0.2176,0.4515,0.6426,very high,False,27.9611,0.5596,66.9,22.4,8299.4215,2.79
Holysloot,BU03637306,holysloot,0.3969,3,0.5294,0.1886,0.4515,0.6171,high,False,27.9534,0.6609,11.14,7.8,9566.0595,2.71
Zunderdorp,BU03637307,zunderdorp,0.4208,3,0.549,0.2885,0.571,0.6493,very high,False,29.9276,0.699,30.3,20.1,6920.2219,2.75
Noorderstrook West,BU03637308,noorderstrook west,0.4517,3,0.4657,0.4506,0.574,0.6625,very high,False,31.4268,0.668,838.1,76.9,4840.6092,2.58
Noorderstrook Oost,BU03637309,noorderstrook oost,,,0.0,0.4179,,,,False,33.0806,0.6302,1255.9,59.5,5745.8841,1.63
Nintemanterrein,BU03637400,nintemanterrein,0.2615,1,0.348,0.2329,0.8545,0.2276,very low,False,34.9075,0.5541,3769.7,14.3,3132.6179,2.34
Elzenhagen Zuid,BU03637401,elzenhagen zuid,0.5667,4,0.549,0.7914,0.8473,0.5468,medium,False,36.7851,0.3411,3412.9,11.5,3388.8818,2.75
Elzenhagen Noord,BU03637402,elzenhagen noord,0.4215,3,0.8137,0.1187,0.7571,0.462,low,False,35.3024,0.4328,3784.4,22.0,3892.5197,3.29
Buurt 5 Zuid,BU03637705,buurt 5 zuid,0.6567,5,0.9363,0.6745,0.938,0.5681,high,False,36.7935,0.3906,2772.7,19.5,748.8755,3.54
Belgi��plein e.o.,BU03638806,belgiplein,0.4999,4,0.549,0.5886,0.7758,0.64,very high,False,38.8854,0.3455,,,,2.75
Rechte H-buurt,BU03639306,rechte h buurt,0.5744,4,0.6127,0.7695,0.8924,0.4827,low,False,35.1372,0.5542,4810.3,54.7,518.9426,2.88
K-buurt Midden,BU03639405,k buurt midden,0.6656,5,0.8578,0.7036,0.7947,0.7251,very high,False,36.3389,0.4103,2682.1,57.2,820.0893,3.38
